Lead ID,Age,Gender,Location,Income,Education Level,Number of times contacted,Marketing channel,Campaign effectiveness,Website visits,Time spent on website,Pages viewed,Previous product interactions,Outcome
1,64,Male,Houston,57354,Ph.D.,9,Email,0.9187550772894507,5,31.065614244072982,8,1,1
2,42,Female,Chicago,111928,Ph.D.,17,Social Media,0.4519519381955578,9,34.17773411797736,9,1,0
3,52,Female,Chicago,88443,Bachelor,1,Phone Call,0.6498174603209349,3,10.221927195624412,10,1,1
4,27,Female,Los Angeles,47373,High School,8,Phone Call,0.4659539590638945,5,1.642678128150492,9,0,1
5,37,Female,New York,97386,High School,4,Email,0.769794734646126,5,44.928894834533395,3,0,0
6,27,Female,Chicago,113935,Master,5,Phone Call,0.19020457725508988,5,31.058677125371585,8,0,1
7,24,Female,New York,115096,Bachelor,14,Email,0.9980622092591087,8,8.123577856008735,4,1,0
8,38,Female,New York,46916,High School,3,Social Media,0.17606550975555246,1,56.873169032682306,8,1,0
9,38,Female,Houston,108234,Master,4,Email,0.41576076690746533,9,19.967928147293254,4,0,0
10,58,Male,New York,105169,Master,16,Phone Call,0.34997281964780036,7,19.73071345619249,8,1,0
11,25,Female,Houston,69695,Ph.D.,5,Social Media,0.7390467440223101,10,28.9987327264812,6,1,1
12,52,Male,Los Angeles,104928,Ph.D.,5,Social Media,0.3154568801805212,2,32.23921568962025,6,0,0
13,44,Female,Los Angeles,111234,High School,13,Email,0.3293584442046451,0,54.24264821756462,4,1,1
14,45,Other,Chicago,119385,Master,3,Social Media,0.2136555428446072,5,23.175229093852806,6,0,0
15,30,Male,Los Angeles,51922,Ph.D.,6,Social Media,0.2897699712966695,10,20.00201306455712,9,1,0
16,62,Female,Houston,92120,Master,13,Email,0.021259160259345822,1,16.813800496540853,9,1,0
17,27,Female,Los Angeles,119769,Master,15,Social Media,0.8747996880722888,6,25.005817534775055,8,1,1
18,60,Female,Houston,119469,Ph.D.,15,Email,0.554413950750824,4,36.34962341045651,3,1,0
19,27,Other,Los Angeles,108808,High School,15,Phone Call,0.10792893469013365,9,46.964129614405664,3,1,0
20,19,Female,New York,76980,High School,13,Email,0.7862634537236417,6,32.52264319129513,3,1,1
21,62,Female,Chicago,44690,Master,9,Email,0.7189405920771401,10,36.749019402773,3,1,0
22,18,Female,Chicago,107450,Ph.D.,11,Email,0.139732302978387,10,44.203618076090486,5,1,0
23,53,Other,Los Angeles,73425,Master,11,Social Media,0.222188469966212,4,48.58893076190417,6,0,0
24,31,Male,Los Angeles,56160,Master,10,Phone Call,0.2753378396914219,3,10.410244376388478,7,1,1
25,50,Other,Los Angeles,35013,High School,13,Phone Call,0.8925583262054659,6,14.248747568612037,5,0,1
26,38,Female,Los Angeles,66429,Ph.D.,15,Social Media,0.9624498807324928,2,41.265364547898656,2,1,1
27,23,Female,Los Angeles,115845,Ph.D.,10,Social Media,0.4071826178860303,1,4.141803062020406,4,0,0
28,54,Other,New York,74301,Bachelor,19,Email,0.11335130262632487,3,42.26504523265358,8,1,1
29,53,Male,New York,69174,Master,2,Email,0.49118596492398514,4,5.289897745197605,1,0,1
30,37,Male,Houston,95161,Ph.D.,6,Social Media,0.727511547402363,4,27.13394621612857,1,1,1
31,57,Other,Chicago,40530,Bachelor,20,Social Media,0.7179747973942104,7,31.02704718643556,6,1,0
32,49,Female,Houston,57574,Bachelor,17,Social Media,0.3799899667401777,2,28.799344704201822,7,0,1
33,36,Other,Los Angeles,51699,Master,3,Phone Call,0.4360473510948649,5,41.353206080404206,5,0,0
34,41,Other,Los Angeles,40357,Bachelor,17,Social Media,0.5299898744433843,6,13.231979627127938,3,0,0
35,63,Female,Chicago,53847,Bachelor,18,Phone Call,0.5331582726046402,8,0.3500165539179245,10,0,1
36,34,Male,New York,38129,Bachelor,4,Phone Call,0.5078377189615919,8,8.326697923462119,8,0,1
37,30,Male,Chicago,93518,Ph.D.,17,Email,0.23890983839865643,9,5.707030053932407,10,1,0
38,44,Female,New York,103037,Bachelor,7,Phone Call,0.15440467031794503,0,8.965512948865728,7,0,1
39,65,Male,New York,79573,Master,12,Phone Call,0.8131871161556072,7,3.7007274302250415,1,1,1
40,54,Male,Los Angeles,40307,Ph.D.,16,Phone Call,0.3897505925116098,3,39.10411816936481,10,0,0
41,43,Male,New York,92875,High School,19,Social Media,0.07409156648618032,7,19.517600077665133,1,1,0
42,60,Other,Houston,72961,Bachelor,10,Phone Call,0.11335607476058174,2,50.480250628467985,6,0,1
43,51,Male,Chicago,68085,Master,6,Email,0.4439706050142199,1,30.994057741956688,6,1,1
44,27,Male,Houston,44056,Bachelor,13,Phone Call,0.8555172855357772,2,10.923048275069384,8,1,0
45,21,Male,New York,70544,High School,16,Email,0.17757501297317413,2,3.7169365172984947,6,1,0
46,27,Male,Los Angeles,44392,Ph.D.,20,Email,0.08729062971528656,6,20.16469296317536,10,0,1
47,47,Female,Chicago,65273,High School,9,Email,0.18554744870693773,10,42.69019894802702,10,1,0
48,64,Male,Los Angeles,55788,Master,14,Phone Call,0.6040332357377923,1,0.9216965124976628,9,1,1
49,38,Male,Houston,109996,Ph.D.,12,Email,0.04816770074906407,2,19.464246401331646,4,1,0
50,52,Other,Los Angeles,76105,Master,10,Email,0.49674767609767356,10,3.4510125426628546,7,1,0
51,28,Male,Houston,90949,High School,5,Social Media,0.5217917605523865,8,22.232369957389214,9,0,0
52,53,Male,New York,39075,Bachelor,20,Social Media,0.35285149178303454,4,14.233462588896266,5,0,0
53,19,Other,Chicago,76327,Ph.D.,6,Social Media,0.9678502838750022,2,47.670686796897556,9,1,0
54,61,Male,New York,82955,Ph.D.,19,Social Media,0.8216345278116596,4,48.601025180242544,5,1,1
55,19,Other,Houston,66665,Bachelor,1,Phone Call,0.8470155460290971,1,18.522909214594385,10,1,1
56,47,Other,New York,33347,High School,14,Phone Call,0.6174886163468347,10,51.2005250645536,8,1,1
57,25,Male,Los Angeles,102335,Ph.D.,13,Email,0.6774912885451796,4,21.156439645289975,5,0,1
58,37,Other,Chicago,44304,Bachelor,12,Social Media,0.422974783056152,9,13.574231154359644,4,1,1
59,63,Other,Los Angeles,116525,High School,5,Email,0.8897719291545462,4,35.59010209010987,4,0,1
60,60,Other,Los Angeles,75997,Ph.D.,11,Phone Call,0.8128819215071197,3,49.34898295086687,3,1,0
61,29,Other,Houston,67229,High School,7,Phone Call,0.7726513163221319,3,35.46570600912984,7,0,1
62,57,Female,New York,92576,Bachelor,3,Social Media,0.7897277583378061,0,21.20862762147611,8,1,1
63,59,Male,New York,86700,Ph.D.,17,Social Media,0.1692122230903914,3,34.22536318747306,2,1,0
64,22,Female,Houston,45269,High School,4,Social Media,0.0514007868741192,0,45.19800783782055,8,1,0
65,47,Other,Los Angeles,50446,Bachelor,14,Social Media,0.48104879817987445,1,2.310041350192802,9,0,0
66,19,Other,Los Angeles,38725,High School,9,Phone Call,0.16140496002922633,8,28.560674461258728,2,0,1
67,24,Female,Los Angeles,113056,Bachelor,9,Social Media,0.7315681866294002,5,19.273417753050314,10,1,1
68,54,Female,Houston,59802,High School,20,Email,0.8674487088548055,3,46.14655825704888,2,1,0
69,43,Other,Houston,110267,Bachelor,19,Phone Call,0.26640529937772384,10,34.41322063793762,10,0,0
70,22,Other,Los Angeles,69502,Master,18,Social Media,0.662883090721897,8,47.80612075803786,3,0,0
71,56,Female,Los Angeles,86068,Bachelor,10,Email,0.09457818961662856,10,43.910236907297396,2,1,1
72,46,Male,Chicago,81727,Master,8,Phone Call,0.5465690299464774,3,33.52579519919435,6,0,1
73,43,Female,Houston,49904,Bachelor,19,Email,0.029148931710368697,0,56.9167325849527,2,0,1
74,44,Female,New York,44188,Master,9,Phone Call,0.11686355248972047,1,29.328938798666726,3,1,1
75,49,Female,Houston,100405,High School,14,Email,0.5584895742639383,3,47.98977307045975,6,1,0
76,47,Other,Chicago,31367,Master,1,Social Media,0.5130252092142158,9,42.242032647719284,2,1,0
77,62,Female,Los Angeles,109074,Master,17,Phone Call,0.5359259535271048,10,54.93976698204949,1,1,1
78,40,Female,New York,47129,Ph.D.,19,Phone Call,0.1999900190681334,6,59.91701004253848,1,0,1
79,63,Other,Houston,45410,Bachelor,10,Social Media,0.9574533755005742,1,6.290031994323877,4,1,0
80,63,Female,Los Angeles,98614,Ph.D.,8,Social Media,0.8068939059724912,7,25.72557054791917,1,0,1
81,48,Other,New York,37208,High School,6,Phone Call,0.784159195608965,6,10.390109818644772,2,1,0
82,23,Other,Los Angeles,33272,Bachelor,17,Social Media,0.7024453327128862,9,47.0981237597862,5,1,1
83,41,Male,Chicago,103562,High School,6,Phone Call,0.19593604779118556,1,2.7121727454901468,4,0,0
84,32,Other,New York,56990,High School,1,Social Media,0.039178223641857524,1,44.27974017555897,7,1,0
85,48,Male,Chicago,45503,Ph.D.,11,Social Media,0.5132802837077214,6,8.571739668825025,4,1,1
86,43,Other,New York,77737,High School,19,Social Media,0.14875312666182317,7,2.024735379688034,9,1,0
87,25,Other,New York,47646,High School,19,Social Media,0.58257530770068,7,1.6995284292803459,6,1,0
88,51,Other,Los Angeles,73988,Bachelor,8,Social Media,0.07353345542121681,8,44.33598339693619,5,0,1
89,49,Female,New York,60965,High School,10,Email,0.7680860093962183,0,53.129875636209825,2,1,0
90,28,Female,Houston,113926,High School,10,Social Media,0.7873230508941392,3,13.94580942818991,8,1,1
91,64,Male,New York,113962,Bachelor,7,Phone Call,0.8919412311417895,0,12.678527824428201,8,1,0
92,42,Male,Chicago,59320,Ph.D.,18,Social Media,0.012247783267750889,6,44.43606087466183,3,0,0
93,49,Other,New York,53017,Ph.D.,4,Email,0.48138252675624205,8,15.890618288635078,3,0,0
94,24,Other,Chicago,50262,Ph.D.,20,Social Media,0.8135936549120317,7,1.1202335588258427,6,0,0
95,40,Female,Los Angeles,58785,Bachelor,15,Social Media,0.13959607621995618,2,19.71558067046621,5,0,0
96,44,Female,Chicago,72230,Bachelor,19,Phone Call,0.15599975839335667,1,13.960710569694651,10,1,1
97,18,Other,Houston,48518,Bachelor,10,Phone Call,0.8402681690729995,3,4.16155446805268,5,1,1
98,36,Other,New York,83066,High School,4,Social Media,0.27664317784350956,2,31.887195204446307,8,0,0
99,29,Other,Chicago,57750,Bachelor,6,Social Media,0.7795332325896224,1,25.546116788926547,9,0,1
100,63,Male,Los Angeles,54637,Master,14,Email,0.46426049364142397,4,48.746072624933866,3,0,1
101,46,Other,Los Angeles,115831,Bachelor,20,Email,0.05140106961570445,4,30.651820546186592,9,0,0
102,63,Female,Houston,84460,Ph.D.,6,Email,0.5246287633892373,0,0.0015132183841171098,6,1,1
103,34,Male,Chicago,67516,Master,16,Phone Call,0.6895188548760939,8,20.922321244219372,5,1,0
104,22,Male,Houston,45390,High School,5,Email,0.0072984689580870565,2,52.71486556741893,10,0,1
105,38,Other,Los Angeles,80465,Master,16,Social Media,0.32858433789304564,9,13.721995323909972,6,0,1
106,63,Other,Chicago,72167,Master,2,Email,0.7624600450218599,10,22.309586028901514,8,1,0
107,35,Other,New York,34589,High School,3,Phone Call,0.7892642578046406,9,50.22609204346699,2,0,0
108,39,Other,Chicago,67841,High School,2,Email,0.27985425786483276,6,21.482891432402514,4,1,1
109,22,Other,Chicago,44595,Bachelor,9,Phone Call,0.060148710327630917,3,33.5037594858357,5,1,1
110,26,Female,Chicago,63639,Ph.D.,20,Social Media,0.19937833811707506,3,18.679182525910367,4,1,1
111,47,Other,New York,36370,Bachelor,10,Email,0.572021572726566,8,46.47247234967237,3,0,1
112,51,Male,Los Angeles,31548,Bachelor,12,Phone Call,0.6654839139476602,7,47.29154450014645,7,1,0
113,53,Female,Chicago,108856,Ph.D.,3,Email,0.530199235334297,10,2.789273037478759,5,1,0
114,57,Other,Chicago,72232,Bachelor,1,Phone Call,0.04797490643058311,10,12.88822903456025,2,1,1
115,45,Female,Chicago,55434,High School,3,Social Media,0.11811224426197087,2,2.342956568452257,7,1,1
116,41,Other,Chicago,52617,Ph.D.,11,Phone Call,0.838538235375928,7,47.87383159348219,3,0,0
117,39,Male,Los Angeles,81038,Ph.D.,7,Social Media,0.960897410977805,8,14.985809789712674,1,0,1
118,21,Female,Chicago,76044,Bachelor,12,Social Media,0.5783421874873924,0,37.63170261451667,8,1,1
119,22,Female,Houston,47375,Bachelor,10,Social Media,0.36025662900281985,0,57.2432924248452,9,0,0
120,63,Other,New York,89391,Ph.D.,13,Email,0.1344469521576781,1,42.92591364884635,1,1,1
121,21,Other,Chicago,108054,High School,13,Social Media,0.1336096182719545,1,0.4007271719727523,10,0,1
122,26,Other,Chicago,77506,Master,5,Email,0.0007836989448732901,0,36.2205218763482,4,1,0
123,30,Other,Chicago,80742,Bachelor,19,Social Media,0.9912376146301808,0,51.31315215751743,3,1,0
124,48,Female,Houston,117725,Master,10,Email,0.4803852666537711,3,14.570457140707369,2,1,1
125,37,Male,Los Angeles,75673,High School,2,Phone Call,0.4319938633953343,1,14.184174680516195,5,0,1
126,46,Male,Houston,66667,Bachelor,3,Email,0.701268448788949,3,9.742353280313235,6,1,1
127,31,Other,Houston,39548,High School,16,Social Media,0.9135823542259802,3,59.629720862052665,4,0,1
128,46,Female,Houston,78653,Ph.D.,4,Phone Call,0.8491600779527105,6,12.183792244594924,9,0,0
129,34,Male,Chicago,42979,Master,2,Email,0.3795822166951205,0,4.492850942607076,6,0,1
130,30,Other,Los Angeles,51582,Ph.D.,7,Email,0.3044646038327977,3,35.73229050382073,5,1,1
131,36,Other,Chicago,107657,Ph.D.,19,Phone Call,0.8539316043049663,0,6.978416289214531,10,0,1
132,49,Other,Houston,112611,High School,11,Social Media,0.6142693352593321,7,7.6632771877641375,6,1,1
133,55,Female,Chicago,92784,Ph.D.,18,Email,0.1957004134397461,3,17.178090050669446,9,1,0
134,56,Other,Los Angeles,60113,Ph.D.,18,Email,0.27050076150420754,1,55.7640688740026,3,1,0
135,57,Male,Houston,38317,Ph.D.,5,Social Media,0.4609778911448623,0,36.10579189500152,4,0,0
136,28,Male,Chicago,98803,Master,5,Email,0.5051592779198592,6,48.32302805728608,5,1,1
137,44,Other,Chicago,107699,Bachelor,10,Email,0.19601118227657433,8,32.98777536702876,1,0,1
138,24,Male,Houston,40816,Ph.D.,3,Email,0.027553048651533962,4,45.34755565882626,3,0,1
139,33,Female,Los Angeles,109754,Master,7,Social Media,0.35252601988230314,9,59.827940773551695,6,1,1
140,20,Female,Los Angeles,79168,High School,19,Social Media,0.5878480139057399,4,49.458975644787856,1,0,1
141,27,Female,New York,31205,Master,17,Social Media,0.5681832408856636,10,31.717012853319034,4,0,0
142,24,Male,Los Angeles,66052,Ph.D.,14,Social Media,0.35239926277944966,2,41.159330407000986,3,0,0
143,64,Male,Houston,111869,High School,1,Phone Call,0.321585117952946,7,0.6095781684076296,5,0,1
144,43,Male,Chicago,91907,Bachelor,17,Social Media,0.9161650565454228,6,2.278158844876268,7,1,1
145,43,Other,Chicago,113479,Ph.D.,2,Email,0.6443105632876563,10,26.362726915898943,9,0,0
146,40,Other,Houston,99799,Bachelor,3,Social Media,0.6108066185560217,8,19.222582099125283,7,1,1
147,63,Female,Houston,47882,Master,16,Phone Call,0.7634545547267416,0,15.277105501399886,1,1,0
148,43,Other,Houston,66952,Ph.D.,15,Social Media,0.6099265674629701,5,30.26673774290509,4,0,0
149,28,Male,Houston,77163,Ph.D.,1,Social Media,0.08430229294163727,7,2.5699843970599034,7,1,1
150,24,Female,Chicago,33770,Master,1,Email,0.2274980664320415,8,45.78017968937836,2,1,1
151,33,Male,New York,85670,Ph.D.,6,Social Media,0.9466619256992443,0,15.594140491255557,4,1,1
152,33,Other,Houston,64548,Bachelor,4,Phone Call,0.7992870339240542,8,47.558049311574266,4,1,1
153,23,Female,New York,47551,Bachelor,4,Phone Call,0.08003943019919268,8,59.70244677413677,9,1,0
154,58,Male,Los Angeles,52491,Master,15,Social Media,0.18269502484382671,8,36.71772233744873,4,1,1
155,34,Female,Chicago,82421,High School,9,Phone Call,0.983548534546781,3,57.92058545981233,7,0,0
156,28,Male,New York,64953,Master,20,Social Media,0.6512213207129086,6,10.45904942309204,6,1,0
157,61,Male,Chicago,85382,Master,16,Email,0.15274826554616272,0,36.53242755011693,9,0,1
158,58,Male,Houston,102354,Ph.D.,11,Phone Call,0.11111540905675676,10,0.1788455253986232,7,0,1
159,31,Other,Chicago,62420,Bachelor,19,Phone Call,0.14216435615086642,10,8.324791512991752,9,1,1
160,35,Male,New York,116771,Master,4,Phone Call,0.8778628879309865,5,4.094591023772218,9,1,0
161,24,Female,Chicago,100665,Master,2,Email,0.1988555318443218,8,29.76870529353674,2,0,1
162,43,Other,Los Angeles,32617,Ph.D.,9,Phone Call,0.2817853631843168,8,5.2600353196500516,6,0,1
163,35,Female,New York,92789,High School,6,Social Media,0.5866128429959898,7,47.46965832914565,8,0,1
164,39,Other,New York,114514,Bachelor,2,Email,0.20025549901599138,7,13.381113360511602,4,1,1
165,44,Other,Houston,93272,Master,16,Email,0.2252995013053276,10,12.805594409754026,10,1,1
166,31,Other,Chicago,89624,Master,13,Phone Call,0.6293376487402293,9,47.2420349461232,7,0,0
167,29,Other,Los Angeles,53008,High School,14,Phone Call,0.5749466310423649,4,45.9219200452914,2,0,0
168,33,Male,New York,44373,Ph.D.,9,Email,0.48493114862589415,1,29.362220540500825,8,1,1
169,50,Male,New York,52745,Ph.D.,5,Phone Call,0.05424381060792871,3,56.958854557429305,4,0,1
170,64,Female,Chicago,107084,Bachelor,6,Social Media,0.6441967688304043,1,25.064702768154913,8,0,0
171,65,Female,Chicago,50050,Master,6,Email,0.9760387469748488,5,4.234586273089816,9,0,0
172,38,Female,Chicago,100019,Ph.D.,7,Social Media,0.35118864989720977,2,25.097062712102453,6,1,1
173,27,Other,Chicago,116315,Bachelor,3,Email,0.8401131744777606,0,13.670172200866674,2,0,0
174,39,Male,Los Angeles,64973,Ph.D.,6,Social Media,0.19970723073392915,2,9.534136728197826,4,0,0
175,39,Other,Houston,36358,High School,6,Phone Call,0.8952199046840208,9,58.03192906956855,6,0,1
176,64,Female,New York,95690,High School,7,Social Media,0.3459661951187658,9,0.30984591088503155,9,0,0
177,59,Other,Houston,53739,Ph.D.,14,Email,0.9461812886114669,7,56.344432590087514,1,1,0
178,25,Female,Los Angeles,57520,High School,5,Email,0.8236123896162225,1,50.345360916085625,10,0,1
179,28,Male,New York,37707,Ph.D.,10,Social Media,0.7767677894991223,0,47.9255013785006,2,0,1
180,42,Male,Houston,111210,Master,5,Email,0.4030429743443804,7,0.4783141302215155,7,1,1
181,40,Other,Houston,62798,Master,7,Phone Call,0.5121307807388418,10,49.39692224602786,1,1,1
182,19,Female,Los Angeles,62453,Master,3,Email,0.2446033230291571,8,1.6583215599194423,1,0,1
183,58,Other,New York,97308,Master,12,Social Media,0.5187962154262028,5,22.450578430065605,9,0,0
184,39,Female,Los Angeles,39039,Bachelor,9,Email,0.46776959453039213,5,37.50395647325039,10,1,1
185,42,Male,New York,41672,Bachelor,17,Social Media,0.2662374465102789,1,12.428769958029317,4,0,0
186,36,Female,Houston,72816,Ph.D.,5,Social Media,0.8965220776272258,0,53.0159502860911,8,0,1
187,61,Other,Houston,78675,High School,6,Phone Call,0.21064962410169885,1,0.31678543612329246,4,0,1
188,50,Other,New York,113787,Ph.D.,4,Email,0.7701131006911247,7,3.9867083189824015,8,1,0
189,32,Other,Chicago,104959,Ph.D.,12,Email,0.6343906449351195,10,56.0744816782401,7,0,0
190,56,Male,Houston,52594,Master,2,Email,0.614567419934632,10,34.85598875508686,8,0,0
191,50,Male,Chicago,33968,Bachelor,10,Social Media,0.324764487713212,4,29.894577556598666,5,1,0
192,50,Other,Los Angeles,95950,High School,4,Email,0.16109692169310397,4,28.123323473769297,4,0,1
193,58,Other,Los Angeles,74989,Master,16,Social Media,0.7071031217767486,6,48.08386164587279,6,0,0
194,59,Male,Los Angeles,82134,Ph.D.,18,Email,0.5735880145632064,5,2.9242957840666772,10,0,0
195,60,Male,Los Angeles,81964,Bachelor,17,Email,0.9498206558123808,4,0.2648951913976605,10,0,1
196,44,Other,Chicago,31873,Master,20,Phone Call,0.07415946005469842,0,58.14523695159154,5,1,1
197,64,Female,Los Angeles,116145,High School,17,Social Media,0.3822205630510831,10,29.375929467841907,10,0,0
198,61,Male,Los Angeles,31198,Bachelor,9,Social Media,0.1548651515967464,0,19.77060990423242,4,1,0
199,39,Male,Houston,93460,Ph.D.,7,Email,0.550777668799112,3,44.75633791540698,3,1,1
200,38,Male,New York,117868,Bachelor,16,Phone Call,0.9436084957740198,0,39.227584706000094,7,1,1
201,27,Other,Houston,31054,Bachelor,1,Phone Call,0.600508813455242,9,3.702759769687909,10,1,0
202,63,Male,Chicago,116964,Ph.D.,1,Phone Call,0.08516992736376672,5,8.112335027343967,10,0,0
203,35,Female,Houston,42554,Bachelor,3,Email,0.49116613608119986,6,30.82426149005555,2,1,1
204,24,Male,New York,66752,Master,2,Phone Call,0.3421803558391038,6,7.558484074667704,7,1,1
205,63,Other,Houston,85006,Master,10,Social Media,0.6240217440476967,8,40.86302358796507,3,1,0
206,30,Female,New York,47992,High School,2,Email,0.49510315818444106,1,40.69530785159785,1,1,0
207,63,Male,Los Angeles,95820,High School,2,Phone Call,0.17954128466252217,6,56.654974612752504,9,0,0
208,31,Male,Chicago,37596,Master,4,Phone Call,0.7913155247705331,7,14.418457450766503,9,1,0
209,64,Male,Los Angeles,39161,Ph.D.,18,Social Media,0.15304593195553884,9,12.911864018413333,4,0,1
210,22,Other,Chicago,59171,High School,12,Phone Call,0.8894010909804851,3,18.427819173876895,3,0,1
211,24,Male,New York,101225,Ph.D.,19,Email,0.38081816349871833,0,2.2243077343371676,3,0,1
212,59,Male,Chicago,38724,Ph.D.,13,Phone Call,0.834133385617169,9,54.83185338819146,7,1,0
213,59,Female,New York,82136,Master,2,Social Media,0.04158175392826202,9,15.724567062242436,8,1,0
214,24,Other,Houston,46887,Master,2,Social Media,0.4891069166350269,6,27.2910731066806,9,0,1
215,51,Male,Chicago,119514,Bachelor,20,Phone Call,0.7105744657275187,7,10.445296258608174,2,1,0
216,29,Male,Houston,51726,Ph.D.,18,Social Media,0.9111983234846894,3,10.586039778182554,9,1,0
217,51,Male,New York,86120,Ph.D.,15,Email,0.2477957884981672,6,24.586376156925176,2,0,0
218,44,Other,New York,98030,High School,20,Email,0.8028361390795627,3,56.7580552747318,5,1,0
219,58,Female,Chicago,71261,High School,15,Social Media,0.010338526041458018,1,32.961878412507296,8,1,0
220,19,Female,Houston,119653,High School,3,Phone Call,0.40334750047387524,1,58.9966370928199,10,0,1
221,36,Female,Houston,102230,Master,5,Email,0.665461464602164,7,3.5483170538431885,5,1,1
222,21,Female,New York,89444,High School,8,Social Media,0.468526698627427,8,8.313108018082803,7,0,1
223,40,Other,Chicago,87954,Master,20,Phone Call,0.0086524787205845,2,35.049602165908446,5,1,1
224,30,Male,Chicago,83455,Bachelor,1,Email,0.03285443461266191,3,49.52278524506852,8,1,0
225,48,Female,Los Angeles,112971,Bachelor,18,Email,0.9137719841418985,1,53.387876894446,1,0,0
226,36,Female,Los Angeles,93485,Bachelor,17,Social Media,0.8019227902595948,10,20.204583177598792,4,1,1
227,35,Other,Los Angeles,34940,High School,2,Email,0.5048729212015056,0,26.152468422934046,10,1,1
228,65,Male,Chicago,52705,Ph.D.,6,Social Media,0.6786365870235608,0,6.7851206298709705,1,0,0
229,25,Other,New York,97781,Master,12,Phone Call,0.5339847434887331,5,10.69870198414237,5,1,1
230,65,Male,New York,96732,High School,16,Email,0.23185543579710666,7,40.3057121604085,2,0,0
231,41,Male,Houston,60510,Bachelor,7,Email,0.45723483017294597,9,52.089961125620256,4,0,0
232,20,Male,New York,80573,High School,11,Phone Call,0.4503050026980724,3,27.528406508515914,9,0,1
233,40,Male,Houston,93836,Master,14,Email,0.4574260563323892,4,29.191594561265163,2,1,1
234,53,Male,Chicago,49712,High School,18,Phone Call,0.8272194560539015,6,25.38301247558033,2,0,1
235,43,Male,Houston,40341,Bachelor,20,Social Media,0.23222554716714505,7,31.11542200336586,2,0,1
236,29,Male,Chicago,38318,High School,4,Phone Call,0.3969173563766015,2,24.94140608640767,5,0,1
237,32,Female,New York,40387,Ph.D.,14,Social Media,0.7105824276914178,3,9.888106396164796,9,0,0
238,23,Other,Chicago,35374,High School,20,Email,0.7697843724934903,3,20.348932039408442,6,0,0
239,25,Female,Chicago,53742,Ph.D.,15,Email,0.5015110215283881,0,11.731708387751592,3,1,0
240,38,Male,New York,61233,Bachelor,18,Phone Call,0.6628553379858171,5,0.03377797004379568,7,0,0
241,43,Other,Houston,116719,High School,8,Email,0.7807895716279534,0,10.99701076339433,4,1,1
242,40,Female,New York,87608,Master,19,Phone Call,0.4397695953642431,10,27.6469853732537,9,0,0
243,29,Other,Chicago,62742,Master,13,Social Media,0.7338266960174754,6,29.01079541174769,1,0,0
244,55,Other,Chicago,118223,Bachelor,17,Social Media,0.1573080057919637,5,10.10331445316127,3,0,0
245,23,Female,Chicago,97186,Ph.D.,12,Phone Call,0.5336168635149834,0,0.907542260620906,7,1,1
246,26,Other,Los Angeles,84275,Ph.D.,15,Social Media,0.327833763370699,4,12.927454139516508,2,1,1
247,46,Other,Chicago,35940,Master,20,Phone Call,0.2601782660445292,5,11.632881175189,8,1,0
248,38,Other,New York,54579,Master,19,Phone Call,0.5173488986521211,8,31.59382284671962,7,0,1
249,24,Female,Chicago,73947,High School,3,Email,0.1942390946933803,0,54.87085791872162,10,0,0
250,64,Male,New York,108327,Ph.D.,18,Email,0.37942521460569334,5,37.66937586652798,6,0,0
251,47,Other,Chicago,35680,High School,3,Social Media,0.6939206289417472,0,19.825528434332366,1,1,1
252,41,Female,New York,117295,Master,20,Social Media,0.44649218399107016,2,46.15199687440785,2,0,1
253,30,Other,Houston,92868,Master,9,Social Media,0.42349831519332304,5,1.8930283885460253,9,0,1
254,63,Female,New York,70082,Master,5,Phone Call,0.991263819327169,9,40.61135342116856,3,1,0
255,53,Male,Los Angeles,90764,Bachelor,14,Phone Call,0.13297425836632415,3,51.28435970969845,3,1,1
256,61,Male,Houston,59249,High School,12,Social Media,0.47424953753469123,5,37.416489015730335,7,1,0
257,65,Female,Chicago,84929,Master,2,Phone Call,0.9923507752090044,9,27.264726530129032,4,0,0
258,39,Other,Los Angeles,105585,Master,2,Social Media,0.10158129012585004,5,36.26299341646068,6,1,0
259,38,Female,New York,51441,Ph.D.,10,Social Media,0.5063408603214705,2,13.161522684232065,4,0,1
260,44,Female,Houston,109195,Bachelor,20,Phone Call,0.8776120477920853,0,14.463745912271849,1,1,0
261,29,Female,Los Angeles,71850,Bachelor,15,Social Media,0.9732007372919322,4,10.21823656838774,4,0,1
262,54,Female,Houston,68128,Bachelor,20,Social Media,0.4540292393273472,8,12.193874405502294,2,1,0
263,19,Male,Los Angeles,108574,Bachelor,18,Social Media,0.07325550320911911,0,5.747500877301322,5,0,1
264,28,Male,New York,64876,Master,10,Email,0.7784534570445885,6,41.31147137261061,7,0,1
265,22,Male,Houston,77255,Bachelor,14,Email,0.2839743010532576,5,2.065196319201734,10,1,1
266,49,Other,Houston,119789,High School,7,Email,0.6402933516024004,3,39.10128011975984,5,0,1
267,53,Male,Houston,117983,Bachelor,3,Email,0.8850713043847322,6,8.983378711758903,4,1,0
268,27,Other,Chicago,36102,High School,5,Social Media,0.03228740889531401,7,10.838840427512881,8,1,1
269,37,Male,Houston,35464,Ph.D.,1,Phone Call,0.32119304495225987,3,4.410261579836305,7,0,0
270,22,Other,Chicago,52893,Master,17,Email,0.8667896447856859,4,23.677889609572244,4,0,1
271,58,Male,New York,78231,High School,18,Social Media,0.9817834626392766,5,55.565218470098905,6,1,1
272,31,Other,Chicago,89359,Ph.D.,10,Social Media,0.9927754676909846,1,48.81493947457388,10,1,0
273,60,Female,New York,45644,Ph.D.,17,Email,0.3235723248889635,10,56.951983473138625,1,0,0
274,20,Female,Houston,89265,Bachelor,13,Email,0.28084835980057554,1,14.556611867932217,7,0,0
275,58,Other,Los Angeles,86132,Bachelor,12,Phone Call,0.64593766607961,5,49.079575877881304,1,1,1
276,56,Female,Chicago,49096,High School,5,Email,0.7037127308288873,7,41.19763164140286,2,1,0
277,26,Female,Chicago,46274,Master,20,Email,0.32239069541244103,5,0.7991228604790024,1,1,1
278,36,Other,Los Angeles,46340,Master,12,Email,0.17977615654897516,4,41.58839805660737,6,1,1
279,30,Female,New York,101950,Master,11,Phone Call,0.5339096086858103,1,2.9283901290329495,9,0,1
280,38,Female,New York,93952,Master,13,Phone Call,0.396055245881474,8,24.966408245585,4,0,1
281,39,Male,Los Angeles,73060,High School,17,Email,0.20869896919136732,5,21.866499611174135,1,1,1
282,49,Other,Houston,99942,Bachelor,11,Email,0.3249073418853311,3,54.177775155910055,9,1,1
283,32,Female,Houston,109723,Master,2,Email,0.33879513847987686,0,26.233550362073657,9,1,1
284,29,Male,Houston,98012,High School,16,Social Media,0.6117292140397578,0,36.392995291382405,4,1,0
285,47,Other,Chicago,61016,High School,5,Email,0.2801185782221678,1,4.071632263991674,8,0,1
286,31,Other,New York,106626,Ph.D.,1,Social Media,0.9834984498210125,0,40.399828145151666,3,1,0
287,63,Male,Los Angeles,91545,Bachelor,14,Email,0.9862932989913753,6,15.279076503332059,9,0,0
288,64,Female,Houston,119704,Ph.D.,9,Email,0.7211817686682509,0,39.54392070710629,2,1,1
289,40,Other,Chicago,56789,Ph.D.,5,Social Media,0.794087641712796,6,3.3475640295162834,5,1,1
290,25,Other,New York,77262,High School,6,Phone Call,0.4317275326344421,10,58.16336428550385,4,1,0
291,29,Female,New York,94955,Master,2,Email,0.9316856570604262,4,32.630798637178394,1,0,1
292,56,Male,New York,101447,Ph.D.,5,Email,0.4656488296143264,10,56.832614993881805,1,1,1
293,29,Female,Chicago,33379,Bachelor,3,Phone Call,0.38464414916197265,10,45.4218127349216,1,0,0
294,59,Male,Chicago,33662,High School,9,Social Media,0.20566345054132074,6,10.128085938234346,3,0,1
295,54,Female,Houston,106893,Bachelor,5,Phone Call,0.968160004262262,5,34.69399754506137,10,0,0
296,32,Female,Houston,112163,Bachelor,10,Email,0.9212663451930306,10,53.44954668644913,8,1,1
297,60,Other,Chicago,67064,Ph.D.,5,Social Media,0.4960694875671584,6,4.691659843962313,1,0,1
298,55,Male,Los Angeles,53028,Bachelor,5,Email,0.022901805863320912,10,19.770293652838898,9,0,1
299,57,Other,New York,84274,High School,4,Social Media,0.05661275673842214,9,41.5083023731769,6,0,1
300,49,Other,Chicago,79174,Master,16,Email,0.5501990276502745,2,20.779522866504983,6,1,0
301,37,Other,Los Angeles,85193,High School,17,Social Media,0.9734216057032385,7,27.10285923936717,1,0,1
302,49,Other,Houston,39984,Ph.D.,19,Email,0.086236597886443,2,44.36336680723617,8,0,1
303,35,Female,Los Angeles,73238,Bachelor,5,Email,0.8945910101966266,1,18.086019105162432,4,0,1
304,54,Other,Los Angeles,74274,Ph.D.,5,Email,0.04881852163219058,9,45.73671648081161,8,1,1
305,31,Other,Chicago,34481,Bachelor,9,Phone Call,0.7250397056721058,0,26.70234016300651,8,1,1
306,50,Other,Houston,60099,Master,13,Phone Call,0.5811977320085838,9,51.16447636991138,6,0,1
307,30,Male,New York,43239,Ph.D.,10,Email,0.6228832192579989,8,5.526871807577134,8,0,0
308,26,Female,Los Angeles,66865,High School,9,Social Media,0.307103103508253,6,42.1394810722152,6,1,0
309,47,Other,Houston,95201,Master,1,Phone Call,0.5118922128535487,8,4.404531339813049,4,0,0
310,62,Female,Houston,32505,Ph.D.,12,Social Media,0.3518006215549394,9,20.30359994080671,7,1,1
311,56,Male,Los Angeles,91959,Master,12,Social Media,0.8175022188991015,6,58.328282361427306,2,1,1
312,61,Female,Los Angeles,40170,Ph.D.,3,Social Media,0.8915864089032951,6,52.916769861689424,1,0,1
313,27,Other,Los Angeles,63177,Ph.D.,17,Email,0.5121103541719864,4,57.52562209931676,3,0,1
314,51,Female,Chicago,92333,Master,20,Phone Call,0.7849836236224665,1,36.34933189816708,9,0,1
315,59,Female,New York,69761,Ph.D.,6,Social Media,0.7921266048212484,0,50.62368434704792,9,1,0
316,61,Other,Los Angeles,69463,Ph.D.,4,Phone Call,0.41849245694347104,5,31.912744514328082,4,1,0
317,59,Female,Houston,82845,Ph.D.,17,Email,0.7526384585881721,10,6.211869649868953,3,0,1
318,47,Male,New York,79592,High School,3,Email,0.8049838989683488,2,6.802557793532326,8,1,1
319,19,Other,New York,88677,High School,18,Social Media,0.5668817529663479,1,58.240025115408834,8,0,0
320,28,Male,New York,59432,High School,12,Email,0.5767802295644271,4,3.7701904639480044,6,1,1
321,24,Male,Houston,41521,Master,13,Social Media,0.5013526767151962,5,40.05404103728726,10,0,0
322,32,Female,Houston,51190,Ph.D.,11,Email,0.8279849778357864,7,16.191663821204752,6,0,1
323,40,Other,Chicago,103376,Master,18,Social Media,0.4259398246863665,8,56.09955338430909,3,0,1
324,60,Female,Houston,108460,Ph.D.,13,Phone Call,0.9069529646973326,6,44.33437217161168,9,0,0
325,39,Other,Los Angeles,66518,Bachelor,5,Email,0.059434850325930766,3,5.249817490104478,1,1,1
326,60,Other,Houston,75624,Master,14,Phone Call,0.7264022173944478,4,56.70432868950406,2,1,1
327,65,Male,Houston,103807,High School,19,Email,0.06553086657134743,0,21.91761226920207,4,0,1
328,32,Male,Los Angeles,66054,Master,12,Phone Call,0.8868078925742399,4,54.309311966915665,5,0,1
329,51,Other,Los Angeles,87725,Bachelor,6,Email,0.43015775421440317,7,45.49348666307481,3,1,1
330,38,Female,Los Angeles,33741,Ph.D.,17,Social Media,0.0555015951842277,4,25.742212215052106,6,0,0
331,28,Other,Houston,45008,Master,5,Social Media,0.8180964551555039,9,6.018886686782913,4,1,0
332,57,Male,New York,103546,Bachelor,6,Social Media,0.946662869460421,1,22.005324836392752,1,1,0
333,43,Male,Los Angeles,100416,Ph.D.,5,Email,0.6982364284198271,4,10.13717777601707,3,1,0
334,30,Male,Los Angeles,110857,High School,18,Phone Call,0.590969664557138,6,3.5313091959852594,10,0,0
335,24,Female,Los Angeles,77185,Bachelor,16,Phone Call,0.6759470740525464,9,40.33177200000489,8,1,1
336,33,Female,Houston,115129,Bachelor,20,Social Media,0.23041209752538372,7,8.37170550202096,2,0,1
337,42,Other,Los Angeles,88440,Ph.D.,17,Phone Call,0.24848608793452043,10,33.1908622789548,2,1,1
338,19,Female,Chicago,109167,Ph.D.,2,Phone Call,0.7244653716730612,9,13.964828025155242,5,0,0
339,47,Other,Houston,79002,Bachelor,12,Email,0.5526054613055033,3,34.948926373606255,1,1,1
340,22,Female,New York,95148,Ph.D.,1,Email,0.5266654984647611,7,19.492265650958675,1,1,1
341,47,Female,Los Angeles,92357,High School,2,Email,0.5248891381086057,8,7.443926621656852,4,0,0
342,55,Female,Chicago,99745,High School,7,Social Media,0.36607013487640694,6,33.456687078802275,9,0,1
343,52,Other,New York,45554,Bachelor,1,Social Media,0.3451830063378335,3,2.532185621876011,5,1,1
344,23,Female,New York,50415,Ph.D.,4,Phone Call,0.7099294138788833,1,5.037923218914595,1,0,0
345,54,Female,Chicago,37218,Master,20,Social Media,0.34124236968907995,3,33.17155541948752,4,0,0
346,60,Other,Chicago,77696,Bachelor,17,Email,0.7579901749417002,4,35.9452480333203,5,1,0
347,59,Male,Houston,36971,Master,20,Phone Call,0.2846984091675311,3,51.162984101280145,8,0,0
348,18,Male,Houston,35642,High School,6,Phone Call,0.6466681734698813,2,32.39192200901354,5,0,0
349,55,Female,New York,61151,High School,14,Phone Call,0.7887854975358103,3,48.73702580288254,4,1,1
350,60,Female,Chicago,69205,High School,8,Phone Call,0.12486976878636502,3,29.218218110438855,5,1,1
351,26,Other,Chicago,96887,High School,15,Social Media,0.3952205400746017,2,15.84782410493504,6,0,1
352,64,Male,Houston,74577,High School,12,Phone Call,0.6319932639331945,4,5.126896523974567,4,1,1
353,47,Female,Houston,87601,Bachelor,2,Phone Call,0.42164067189256493,3,10.50814500340376,10,1,0
354,19,Female,New York,110367,Bachelor,14,Email,0.6071522298974767,0,34.46765809402553,3,0,0
355,45,Male,Chicago,39036,High School,12,Phone Call,0.0976595546433352,8,32.45159110928421,5,0,1
356,34,Female,New York,57476,High School,6,Email,0.9813251300316159,0,52.39201117342886,2,1,1
357,41,Female,Houston,53720,High School,3,Social Media,0.5151854993325794,4,3.2766318412509787,9,1,0
358,55,Male,Chicago,74894,Master,2,Social Media,0.08337358619146962,10,27.99974082778751,9,0,1
359,43,Other,Houston,84678,High School,4,Social Media,0.5636417057605512,7,8.960637403795896,1,0,1
360,36,Male,Chicago,83464,Master,4,Email,0.302592190183125,6,14.956246443455374,2,0,0
361,23,Male,New York,94270,Master,15,Phone Call,0.07758704229473523,0,33.08315442718941,6,1,1
362,44,Other,Houston,34919,Bachelor,19,Phone Call,0.3048843572964437,7,0.8964573706464707,6,0,1
363,29,Male,Chicago,41330,Master,2,Social Media,0.9270385533848736,3,36.89470881022168,9,0,1
364,32,Female,New York,60295,High School,5,Email,0.9794326479018917,4,0.729932920815386,4,0,0
365,52,Other,Los Angeles,112395,Bachelor,7,Phone Call,0.9727673987394413,6,23.393537192965994,7,1,0
366,31,Female,Houston,65590,High School,3,Social Media,0.6220455187785349,4,2.5434648579549157,1,0,1
367,30,Other,Chicago,93677,Ph.D.,13,Phone Call,0.13792874088365892,10,9.554561129779316,9,1,1
368,47,Female,Chicago,68502,High School,2,Phone Call,0.5497148556121001,1,47.20180649618901,5,1,0
369,45,Female,Chicago,89030,Bachelor,13,Phone Call,0.3634398342696066,3,39.170792217625625,7,1,1
370,44,Female,Los Angeles,59071,Master,7,Phone Call,0.32711765202647314,2,55.7114278417925,10,1,1
371,19,Female,Los Angeles,104153,Bachelor,6,Phone Call,0.7385489490886992,1,10.551257229530833,2,1,1
372,31,Female,Los Angeles,80122,Master,2,Phone Call,0.46370169733276956,9,9.695770662765614,2,0,1
373,58,Other,Chicago,74490,Ph.D.,10,Email,0.11017721707849204,1,48.6419924519488,2,0,1
374,59,Other,Chicago,36316,Ph.D.,7,Phone Call,0.005499424228909033,9,19.581876210591723,9,0,1
375,23,Female,New York,90442,Master,9,Phone Call,0.16984597518224642,6,17.0237967778059,3,1,1
376,44,Other,New York,81684,Ph.D.,20,Social Media,0.8950570207318358,6,39.768007560430945,6,1,1
377,27,Male,Los Angeles,97753,High School,3,Email,0.38367976149969674,4,8.271159938458458,6,0,0
378,65,Other,Los Angeles,73891,High School,12,Phone Call,0.33225115381070136,7,54.01364443284708,7,1,0
379,20,Female,Chicago,52729,High School,10,Social Media,0.5446305723770001,10,15.286526959881446,7,0,1
380,19,Other,Houston,62904,Bachelor,17,Email,0.6945249085262799,8,38.509626724054144,3,1,1
381,58,Female,Los Angeles,31409,Ph.D.,19,Email,0.7990473307436947,10,11.972313275570398,5,1,1
382,65,Male,Los Angeles,76913,Bachelor,1,Email,0.6190404024336662,10,20.224057253625986,4,0,1
383,46,Female,New York,69118,High School,14,Email,0.9137201873145556,9,40.863411015523795,4,0,0
384,27,Female,Chicago,37510,Bachelor,16,Email,0.006154976645805776,3,54.830858999075446,8,1,1
385,25,Other,Chicago,67083,Ph.D.,12,Phone Call,0.1789461392095154,1,24.392882160766007,5,1,0
386,36,Male,Chicago,56158,Bachelor,5,Email,0.6251902168091219,10,38.64467786104173,3,0,0
387,50,Female,Houston,99229,Bachelor,8,Phone Call,0.29388114862803116,3,56.55611246166574,6,1,0
388,41,Male,New York,73066,Master,15,Email,0.054381915654584834,7,12.990929438913653,3,1,0
389,33,Other,Houston,113743,Ph.D.,7,Social Media,0.019872650346370535,4,20.814135302817714,1,1,1
390,35,Other,Chicago,78325,Ph.D.,12,Phone Call,0.5128753520006443,5,22.02893062851225,5,1,0
391,29,Female,Houston,31554,Master,3,Phone Call,0.7255112781081436,5,19.608578271389007,7,0,1
392,64,Female,Los Angeles,94332,Master,13,Phone Call,0.3040297019411766,7,0.30686467578729726,9,0,1
393,65,Male,New York,99143,Bachelor,12,Social Media,0.950332900355515,0,26.482122220137466,7,0,1
394,25,Female,Los Angeles,30984,Ph.D.,18,Social Media,0.43708318643286226,2,42.86677627856379,1,1,0
395,30,Female,Houston,31132,Master,4,Phone Call,0.8884740281723283,3,57.67531662151528,4,0,1
396,33,Male,New York,35029,Bachelor,6,Phone Call,0.046715859517512226,3,1.259664778254772,6,0,0
397,34,Female,New York,57724,High School,19,Social Media,0.8412968878942729,2,12.381563866198436,8,1,0
398,34,Female,Houston,31166,Bachelor,9,Phone Call,0.6064254725025697,2,44.988101838584676,6,1,1
399,40,Other,New York,75468,Bachelor,4,Email,0.5456692342920477,7,27.034120820971303,8,1,1
400,21,Female,Houston,74473,Ph.D.,19,Email,0.9853916318912417,1,18.534476921466624,9,1,0
401,30,Other,New York,118133,Ph.D.,3,Social Media,0.35570008501923545,9,19.715876074655373,9,0,0
402,24,Female,Houston,65323,High School,19,Phone Call,0.21330133847687527,6,19.31280327463131,1,0,1
403,53,Other,New York,83307,Bachelor,5,Email,0.6687038022403738,2,46.88417778618787,9,0,1
404,60,Other,Chicago,37370,High School,5,Phone Call,0.5579553413622261,8,4.022309671794437,10,0,1
405,57,Female,New York,111778,Master,19,Email,0.5240369681040374,3,51.719608950203366,7,0,1
406,29,Female,Houston,93590,Bachelor,1,Email,0.21746423014325544,3,55.54750408295753,5,0,1
407,32,Other,Houston,42537,High School,16,Phone Call,0.658376786709791,0,8.908566515496751,3,1,1
408,37,Other,New York,85008,Master,5,Email,0.8751148874487104,6,22.07695253964572,7,1,0
409,41,Male,Los Angeles,82519,Bachelor,8,Phone Call,0.8336555724830086,3,5.310912431325583,9,0,0
410,43,Male,Houston,46165,Master,10,Email,0.3223375928608776,7,38.5654361593477,7,1,1
411,19,Male,Los Angeles,81779,Bachelor,7,Email,0.3916095334719173,2,37.55747879810551,9,1,0
412,34,Other,Chicago,34235,Ph.D.,16,Phone Call,0.04276872592084313,9,35.792460658170505,9,1,1
413,23,Male,Chicago,57884,High School,15,Phone Call,0.37329566013927007,1,9.789221561280531,6,0,0
414,39,Female,Los Angeles,95854,Bachelor,16,Email,0.2966022687401251,5,15.98643100061487,1,0,0
415,34,Male,Chicago,64990,High School,3,Social Media,0.3524913330481063,9,11.814763930653713,1,0,1
416,61,Male,New York,69238,Master,6,Phone Call,0.05984973257314197,9,53.226750130980825,6,0,1
417,40,Female,Los Angeles,91822,Master,2,Social Media,0.17299906632321738,6,24.134706757900684,6,1,0
418,32,Other,Chicago,62810,Master,8,Social Media,0.5171900527654505,0,8.707319850739761,6,1,1
419,65,Female,Houston,52508,High School,3,Phone Call,0.19963602249081958,10,13.368240005165568,8,0,1
420,38,Female,Chicago,42622,Bachelor,7,Phone Call,0.6450729997705292,7,25.106660119360413,5,1,1
421,63,Other,New York,66881,High School,13,Email,0.2920000756185064,10,17.283072238997374,3,0,1
422,43,Male,New York,45061,Ph.D.,10,Social Media,0.8972414036183233,6,1.8366556149524516,8,0,0
423,24,Female,New York,32129,High School,17,Social Media,0.546703287211321,9,54.80021631970407,3,1,1
424,32,Female,Los Angeles,116692,High School,14,Phone Call,0.8087697461085424,4,43.29901047119106,10,0,0
425,51,Female,Chicago,56547,High School,11,Phone Call,0.6920396853968085,4,43.82297605417293,2,0,1
426,44,Female,Chicago,78080,Bachelor,6,Phone Call,0.11191679408505129,10,11.549473274627521,5,1,0
427,36,Female,Chicago,35811,Ph.D.,9,Phone Call,0.6203988391881267,0,52.61228781210826,3,1,1
428,22,Female,Houston,69190,High School,10,Email,0.19185147235092015,10,6.745234814924002,9,0,0
429,46,Other,Chicago,63288,Master,5,Email,0.929153237451308,5,29.54197745520901,10,0,0
430,50,Other,Chicago,103277,Master,5,Phone Call,0.44152161150975044,10,46.93615413519332,10,0,1
431,19,Other,Los Angeles,98353,Ph.D.,9,Email,0.7415947974715728,3,25.29030130363351,3,1,0
432,24,Other,Houston,87318,High School,16,Phone Call,0.08144864482559633,8,30.934613234164324,3,1,1
433,42,Female,Houston,116076,Ph.D.,10,Email,0.6767259088226933,0,42.23902304366809,3,0,0
434,30,Female,New York,106520,High School,10,Phone Call,0.14735526920155617,7,31.68945894280584,1,1,1
435,63,Female,Chicago,34349,Master,2,Phone Call,0.7889299427859062,7,54.59251189787247,4,0,1
436,51,Male,New York,70395,Bachelor,10,Email,0.9230090969562798,2,7.373188780046576,2,0,1
437,48,Other,New York,32338,High School,19,Email,0.7331562232727669,8,15.211413173802162,10,0,0
438,24,Female,New York,60561,Bachelor,16,Phone Call,0.8026317851464131,3,52.890720877112294,3,0,1
439,64,Female,Los Angeles,48506,Master,5,Email,0.45707279622375896,7,32.673735534772284,5,0,1
440,24,Male,Houston,49244,Bachelor,10,Email,0.5191739490583945,10,7.504040493208926,2,0,0
441,22,Female,Houston,99571,Ph.D.,12,Phone Call,0.26876008826925135,2,7.851752123061813,2,0,1
442,45,Male,Houston,116146,High School,12,Email,0.8847538293866039,1,19.46954416440623,7,1,1
443,38,Male,Los Angeles,100730,High School,16,Phone Call,0.5876416790697536,3,54.43047049730645,9,0,1
444,20,Male,Houston,119358,High School,15,Email,0.3934603648327458,7,4.829082232977255,7,0,0
445,23,Other,Los Angeles,36994,Master,11,Phone Call,0.3894239482274978,5,27.8451844300601,2,1,0
446,41,Female,Los Angeles,107535,High School,10,Phone Call,0.862331371850006,6,23.394588973591986,1,0,0
447,40,Female,New York,38797,Ph.D.,1,Phone Call,0.3873342252891443,6,12.492086794520628,7,0,0
448,53,Other,New York,51503,Ph.D.,3,Phone Call,0.49215550381363893,9,32.51712673908682,2,0,0
449,45,Female,Chicago,74730,High School,3,Phone Call,0.9569816468645665,2,3.8445998993645802,10,1,0
450,41,Female,New York,84191,High School,3,Email,0.3269502346563766,5,11.975839642325441,1,0,0
451,64,Other,Houston,75900,High School,19,Email,0.3612855500902298,9,58.61214286381623,8,0,0
452,24,Other,Los Angeles,53933,Master,5,Social Media,0.8746589696146952,8,20.338988402330692,10,1,1
453,33,Male,Chicago,38149,High School,6,Social Media,0.5129443128447716,2,5.6790573679897065,10,0,0
454,19,Female,New York,39702,Bachelor,1,Phone Call,0.6867271964494477,5,51.331809944135166,8,0,0
455,33,Other,Los Angeles,105629,Master,10,Email,0.25460750607097404,6,45.1481616394572,6,0,1
456,52,Other,Los Angeles,41412,High School,19,Phone Call,0.5392932530630674,2,58.25918735045467,3,0,0
457,42,Female,Chicago,95975,Master,13,Email,0.12175778663705639,9,8.992217855529006,5,0,1
458,19,Other,New York,114527,High School,10,Social Media,0.2559609554389086,0,7.423005578269222,5,0,1
459,51,Male,Chicago,86615,Master,19,Email,0.3755680801316924,1,40.91643350552314,9,0,1
460,62,Male,Chicago,104218,High School,17,Email,0.05968573671228572,8,52.89017517496347,3,0,1
461,28,Male,New York,59154,High School,14,Phone Call,0.09727454929641255,2,5.990581683122809,1,0,0
462,41,Male,Chicago,77136,Master,16,Social Media,0.2375078076663274,6,9.915812087225593,4,1,0
463,27,Male,Houston,42761,Ph.D.,1,Email,0.2045138529634053,7,24.141876748475358,4,1,1
464,45,Male,New York,51024,Ph.D.,6,Phone Call,0.7505329464473568,6,51.87090144083732,9,1,0
465,52,Female,Chicago,119882,Bachelor,4,Social Media,0.8298288709190659,6,30.20974778926636,3,1,0
466,22,Other,Chicago,73308,Ph.D.,17,Email,0.459148639632718,6,38.245394888193054,1,0,0
467,24,Male,New York,59847,Bachelor,11,Phone Call,0.3395112551280314,9,28.808864348778197,7,0,0
468,20,Female,Chicago,53602,Ph.D.,10,Social Media,0.2787699111997879,1,7.852011240744517,3,1,0
469,60,Male,New York,83176,Master,15,Social Media,0.9067775225049579,4,0.23312196502202953,4,0,1
470,34,Male,Los Angeles,95368,Master,17,Social Media,0.38567597055657077,9,15.462875934300222,2,0,0
471,26,Male,Los Angeles,98000,High School,10,Email,0.1910168939111062,9,43.60367860814455,4,1,1
472,35,Other,Los Angeles,36144,Ph.D.,7,Phone Call,0.22264128568631314,3,41.254836858042765,7,0,0
473,55,Male,Los Angeles,87561,Ph.D.,5,Email,0.03206217239638498,5,44.52656152412454,10,1,0
474,24,Male,Los Angeles,86936,Master,10,Email,0.8427369054535422,10,14.15647091082552,10,1,0
475,54,Female,Chicago,116394,Bachelor,9,Email,0.22446347023144875,9,22.806920901842215,3,1,1
476,27,Other,New York,42884,Master,2,Email,0.44794512916349594,8,38.57209906674006,4,0,0
477,23,Other,New York,50455,Bachelor,16,Social Media,0.8327557888937515,7,47.226540573745545,4,1,0
478,28,Male,Chicago,68670,Ph.D.,1,Phone Call,0.5126157707487649,6,9.757057799032191,7,1,1
479,53,Female,Houston,46924,Ph.D.,3,Email,0.2787696144162124,5,22.386475672588183,5,0,1
480,38,Male,Chicago,74643,Master,18,Email,0.6438748166270202,8,12.41931084771839,10,0,0
481,49,Other,Houston,78865,Master,20,Social Media,0.5402900143026804,9,44.691222283942736,7,0,1
482,24,Other,Los Angeles,102075,Master,14,Social Media,0.5995940276323413,3,58.213753654573665,7,0,0
483,52,Other,Chicago,106245,Bachelor,10,Phone Call,0.5989758819108426,10,57.41076601139392,2,0,1
484,43,Female,Chicago,81557,Ph.D.,14,Phone Call,0.7848592470039832,3,43.17190153692432,7,0,0
485,40,Male,New York,65547,Master,19,Email,0.9379407901831673,6,43.1273952886128,10,0,0
486,31,Other,Chicago,73473,Master,17,Phone Call,0.29957598849795897,0,14.768262509779692,5,1,0
487,21,Other,New York,93858,High School,7,Social Media,0.2498536365993117,10,43.88969735793461,1,1,1
488,59,Male,Chicago,112174,Bachelor,19,Phone Call,0.032623193637739134,0,59.85208893492724,8,1,0
489,58,Male,Los Angeles,76260,Master,12,Phone Call,0.10608050270857938,1,4.64018763858705,9,1,1
490,54,Male,New York,35206,Ph.D.,9,Social Media,0.1491512629391616,6,46.210882834852555,3,1,1
491,59,Male,Los Angeles,92803,Bachelor,14,Social Media,0.8146984143490543,8,3.750185793659677,2,1,0
492,51,Female,Houston,46558,Bachelor,2,Email,0.059647007275709374,6,6.564046947812507,2,0,0
493,39,Other,Chicago,102872,Master,4,Social Media,0.41111210046905355,5,12.325486577561737,9,0,0
494,32,Female,Los Angeles,49364,Ph.D.,10,Email,0.76140100974747,2,3.865731779339905,4,1,0
495,50,Male,New York,96776,High School,5,Phone Call,0.3257812083320827,10,22.180721197661693,3,0,0
496,51,Male,Houston,99460,Bachelor,20,Email,0.6802016218703864,10,2.0890650396749355,3,0,1
497,18,Other,New York,71282,High School,4,Social Media,0.05144292416455254,3,0.911774138169128,8,1,0
498,50,Male,Chicago,113979,High School,16,Social Media,0.34620026105225044,1,17.751267615619902,1,0,0
499,27,Female,Los Angeles,68163,Master,14,Phone Call,0.33501602768129957,7,19.11265771272285,9,1,1
500,61,Female,New York,56943,Master,18,Email,0.865337078096262,5,5.4209449206288856,3,1,0
501,30,Other,New York,95324,High School,12,Social Media,0.3226188333307276,8,46.14786779620671,3,1,1
502,41,Female,Chicago,87352,Master,3,Phone Call,0.22679708614258154,8,52.912567119251506,7,0,0
503,27,Female,Chicago,33879,Ph.D.,11,Social Media,0.27406347045390966,6,35.33430626172316,3,1,0
504,59,Male,Los Angeles,101538,Ph.D.,5,Phone Call,0.551982875518462,5,17.349526151360802,6,0,0
505,24,Other,Los Angeles,48877,High School,20,Email,0.33628383654941085,7,20.726512101227954,6,1,1
506,21,Other,Houston,61664,Ph.D.,19,Phone Call,0.7514509870950724,4,2.129249080380693,8,1,0
507,29,Female,Chicago,34818,Bachelor,14,Email,0.02662340523945217,3,51.261467552351,10,0,1
508,18,Female,Chicago,91573,Bachelor,17,Social Media,0.08540394629318182,3,14.96665031322861,7,1,1
509,35,Other,New York,36307,Ph.D.,10,Email,0.36247103715978,9,56.31712269902854,1,0,0
510,48,Other,Los Angeles,47398,Ph.D.,13,Social Media,0.783318717008357,9,30.125841780344203,3,0,0
511,55,Female,Los Angeles,88967,Bachelor,15,Social Media,0.2267735022490034,2,22.99071456588722,1,1,0
512,19,Female,Houston,103653,Master,13,Email,0.3315723080842867,4,59.72128443661226,5,0,1
513,47,Female,Los Angeles,84157,High School,7,Email,0.5294027194052919,9,41.604132484619726,8,0,1
514,53,Male,Chicago,53897,High School,5,Email,0.6544620597939048,4,49.52951479798979,1,1,1
515,37,Male,Houston,36957,Bachelor,1,Email,0.3002520845365434,8,9.85302628470217,1,0,1
516,65,Other,Chicago,62691,Master,12,Phone Call,0.40410298858717475,3,47.23926928052842,5,0,0
517,37,Other,Los Angeles,108722,Bachelor,3,Social Media,0.25921025253956953,9,22.678691198919687,3,1,0
518,40,Male,Houston,38050,Bachelor,10,Social Media,0.41435143229227667,4,27.728056236450094,7,0,1
519,61,Female,Houston,73494,Ph.D.,10,Email,0.5913050274727759,4,20.903507883084984,1,0,0
520,62,Male,Chicago,85338,Ph.D.,6,Email,0.8304325757425276,1,37.344304548718405,8,0,1
521,57,Female,Houston,109548,Master,2,Phone Call,0.7547788427554821,9,53.789297315327914,9,1,1
522,39,Female,New York,35904,Master,9,Phone Call,0.2037147229200672,5,0.7027469248346452,4,1,0
523,59,Male,Los Angeles,44887,Master,12,Email,0.47737626315498227,9,28.51931907221709,6,0,0
524,63,Male,New York,33261,High School,15,Phone Call,0.6867452503107857,9,47.46833840742031,2,0,1
525,61,Female,Los Angeles,84989,Bachelor,10,Email,0.022653465461582867,8,56.937861883498414,9,1,1
526,21,Female,Houston,59363,Master,15,Email,0.2524391138693194,1,46.416365753324875,3,0,0
527,19,Male,Los Angeles,78194,Master,15,Phone Call,0.5962375373425585,10,53.74092175428301,3,1,0
528,37,Male,Houston,62508,High School,5,Social Media,0.9186728281018863,2,50.671160453773076,7,1,1
529,27,Female,Los Angeles,58625,Master,2,Email,0.6197241316375641,9,36.30371344867991,9,0,1
530,43,Female,Los Angeles,96748,High School,8,Social Media,0.6607397773081911,5,33.00385801161235,2,1,1
531,27,Female,Houston,113905,High School,5,Social Media,0.8669162879672316,4,58.528074484900124,7,1,0
532,29,Other,Houston,108316,Master,1,Phone Call,0.3080780596296465,10,18.132441325162702,3,0,0
533,22,Other,New York,107340,High School,14,Social Media,0.5058616933626816,9,53.74935358526065,8,0,1
534,37,Other,Los Angeles,46831,Master,16,Social Media,0.7164983689584463,3,17.082071780012576,4,0,0
535,41,Other,Houston,40456,High School,13,Phone Call,0.5740234626640043,1,14.942008692333113,8,1,0
536,41,Female,New York,33420,Master,12,Phone Call,0.5674334368908837,1,0.06680275150330983,4,0,0
537,42,Other,Los Angeles,36318,High School,2,Email,0.23691109898093665,0,49.30379867182201,7,0,0
538,37,Female,Houston,101796,Ph.D.,20,Phone Call,0.3798695996147169,10,59.01818346307311,3,0,0
539,51,Male,Chicago,88119,High School,2,Phone Call,0.5186097805213266,7,57.41777564639317,5,0,0
540,23,Female,Los Angeles,74178,Master,10,Social Media,0.5233429498067048,5,11.748214643025939,3,1,1
541,28,Other,Chicago,117425,Ph.D.,9,Social Media,0.13472512487524646,3,8.239657271492923,3,0,0
542,18,Female,Chicago,40312,Master,16,Social Media,0.3366656964856931,6,41.34510111133759,3,0,1
543,50,Female,Houston,79976,High School,8,Email,0.36217243044054537,4,57.686838283038014,4,0,1
544,34,Female,Los Angeles,88801,Master,7,Email,0.42441860026270994,3,3.4831255041308973,5,0,1
545,56,Other,Houston,47242,Bachelor,12,Phone Call,0.5579578385113659,10,55.11240996338601,9,0,0
546,31,Other,Los Angeles,60993,Ph.D.,11,Social Media,0.3246596413703554,7,51.05023963356833,2,0,1
547,36,Male,Los Angeles,33659,High School,2,Social Media,0.8276250949843909,1,4.37335346095084,2,0,0
548,21,Female,Houston,42994,High School,6,Phone Call,0.305915433661918,5,46.66082713636358,5,0,0
549,63,Other,Los Angeles,94572,Ph.D.,19,Social Media,0.06867023174737497,6,25.75870712738217,1,0,0
550,57,Female,Houston,47855,Bachelor,13,Phone Call,0.6258057240398411,5,10.444566301185514,2,1,1
551,41,Other,New York,53586,Ph.D.,2,Email,0.06542984480627068,2,35.17651884804143,1,1,0
552,45,Male,Los Angeles,31736,High School,1,Phone Call,0.7204362679316882,0,39.6498862236379,3,1,0
553,26,Other,Los Angeles,35136,Master,5,Social Media,0.5035749964081888,7,13.149407240282153,1,1,1
554,41,Male,Los Angeles,31827,Ph.D.,10,Social Media,0.474383082062967,2,40.73435475333542,9,0,0
555,54,Female,Houston,119912,Ph.D.,9,Phone Call,0.12429413769182907,9,22.28623678748749,6,1,1
556,59,Other,Chicago,73418,Bachelor,9,Email,0.13107366263209386,0,40.91861612765313,6,1,1
557,51,Female,New York,71340,Ph.D.,12,Social Media,0.8445180605844043,2,56.31446454051776,10,1,0
558,44,Other,Houston,111069,Ph.D.,18,Phone Call,0.02317271342748528,5,54.308278814879515,2,1,0
559,36,Other,Houston,55008,Ph.D.,10,Phone Call,0.864955300342744,2,59.614290098763824,3,0,0
560,41,Female,Houston,64467,Ph.D.,7,Social Media,0.4509676760141169,10,19.515519607633735,4,0,1
561,54,Other,Houston,104135,Bachelor,7,Email,0.07522165141803927,6,23.520283838016496,10,1,1
562,37,Other,Houston,80870,Bachelor,3,Email,0.7194292678792898,8,7.904515900563385,5,1,1
563,29,Male,Houston,95747,Ph.D.,15,Phone Call,0.9650549737374399,2,0.6364251430469503,4,0,1
564,37,Male,Los Angeles,52232,Bachelor,16,Email,0.2735495517539741,9,49.93445694902423,4,1,0
565,18,Other,Los Angeles,111495,Master,6,Phone Call,0.8179114616756159,3,19.843460052193315,9,0,1
566,22,Male,New York,33207,Ph.D.,10,Phone Call,0.3212791289253415,4,16.000413657433295,5,0,1
567,38,Male,Los Angeles,82138,Master,2,Email,0.8130472418293118,2,48.90082850406614,8,1,1
568,45,Other,New York,64104,High School,1,Phone Call,0.45043763057623665,5,53.80045346325483,8,1,0
569,42,Male,New York,30208,Bachelor,1,Social Media,0.009016374074777955,9,27.306408473972855,6,1,0
570,20,Female,Chicago,114544,High School,6,Social Media,0.8248902232073648,8,58.88940528423544,10,1,1
571,20,Male,Chicago,48189,Master,12,Social Media,0.6334137178116431,8,9.223494214510959,6,1,1
572,61,Male,New York,104257,Ph.D.,9,Email,0.8094997718507242,1,9.111671267406436,3,0,1
573,18,Female,New York,102096,Ph.D.,5,Social Media,0.20225097004635129,9,15.292061020486285,3,0,0
574,23,Male,Houston,83884,Master,7,Email,0.5240049504374127,6,14.257561209869998,10,0,0
575,29,Female,New York,62282,Ph.D.,16,Social Media,0.15525308224525836,7,5.562965738152661,9,1,1
576,53,Male,Los Angeles,101057,High School,7,Phone Call,0.3355865503469264,3,58.83006543659826,10,0,0
577,45,Other,Houston,114566,Bachelor,14,Email,0.27768925038279424,4,23.83619860459509,4,0,1
578,33,Other,New York,119524,High School,5,Social Media,0.2350379007561263,4,15.74493333163102,5,0,0
579,19,Male,Chicago,90568,Ph.D.,1,Email,0.12256905908544624,4,52.089629523292544,2,0,1
580,21,Male,Houston,46324,Bachelor,7,Phone Call,0.8079888729260468,10,18.790468236258974,9,0,0
581,50,Other,Chicago,70766,High School,11,Phone Call,0.689601714797568,8,14.914665739063246,4,1,1
582,38,Female,Chicago,33276,Ph.D.,5,Social Media,0.5643427187089907,5,3.297763038942687,7,0,0
583,20,Female,New York,75798,Bachelor,14,Social Media,0.4544208055575908,1,12.384846714062219,5,1,1
584,20,Male,New York,51654,Master,5,Phone Call,0.5451233519922488,2,42.84635492151238,6,0,1
585,56,Other,New York,101249,High School,17,Email,0.33532909331322447,2,46.174281436517795,8,0,1
586,29,Male,Chicago,106619,Ph.D.,8,Phone Call,0.06237320553563952,4,33.97977463297441,8,0,0
587,60,Other,Houston,114432,Bachelor,18,Email,0.685072273586964,10,3.90329638071081,7,0,1
588,44,Other,Houston,39537,High School,11,Phone Call,0.27604206645102436,8,8.701208936609934,10,0,1
589,26,Female,Chicago,56156,Master,18,Email,0.7906892349123217,5,20.319621539328367,7,1,1
590,19,Female,Chicago,87479,Bachelor,17,Social Media,0.32592221212262973,7,21.527470188728692,10,1,0
591,63,Other,New York,56827,Bachelor,19,Email,0.16291242922868077,3,2.079446063335333,4,0,0
592,42,Male,Chicago,95114,High School,5,Social Media,0.08010081765084831,3,18.90508219411192,10,1,0
593,22,Other,New York,51817,Ph.D.,18,Phone Call,0.18435910932866906,2,59.15184457936901,8,1,0
594,58,Female,Los Angeles,69678,Master,4,Social Media,0.7348518658099291,4,42.173764143332725,10,1,0
595,43,Other,New York,73867,High School,12,Phone Call,0.044454802088003564,0,15.502657813324669,9,1,0
596,22,Other,Houston,59887,High School,8,Phone Call,0.12458649892930251,0,44.87912039901491,4,0,1
597,25,Female,Houston,114378,Bachelor,8,Phone Call,0.6128298153485539,8,19.0589344374516,8,0,0
598,19,Other,Houston,47826,High School,9,Phone Call,0.6148528956372037,4,54.16644476189748,3,0,0
599,41,Male,Chicago,102890,Master,18,Phone Call,0.710271596752647,8,45.560694040092066,5,1,0
600,54,Other,Los Angeles,41554,Bachelor,10,Email,0.21664339086039353,10,40.03931235153589,8,0,0
601,38,Male,Los Angeles,87246,High School,4,Email,0.4463893379292613,6,48.008364840319366,5,0,1
602,45,Male,Chicago,84625,Master,2,Email,0.547417746669378,7,45.86559079601914,7,1,1
603,42,Male,New York,35167,Bachelor,4,Social Media,0.2865569970763572,6,18.568320912586838,7,0,1
604,25,Other,Houston,109942,Ph.D.,3,Phone Call,0.7697889534461242,7,21.4837714575251,9,0,1
605,42,Female,Los Angeles,70830,Ph.D.,2,Email,0.4332134453811066,5,38.24242726115969,8,1,0
606,54,Female,Los Angeles,87660,Master,9,Phone Call,0.7039325884328247,8,17.07438403475725,6,0,1
607,54,Other,New York,34321,Ph.D.,19,Email,0.7924599350941285,0,9.917855062019063,8,0,0
608,43,Other,New York,56759,Ph.D.,12,Email,0.7097840081355528,4,5.706050022193098,5,1,1
609,62,Female,Chicago,67986,High School,20,Email,0.906391871336416,6,59.57886270980378,5,0,1
610,36,Female,New York,38729,Master,16,Email,0.04900850290712078,0,49.38540613977862,8,1,1
611,61,Female,Chicago,112048,Ph.D.,6,Phone Call,0.5966407436223217,9,29.897284036950673,7,1,1
612,43,Other,New York,78131,Master,16,Phone Call,0.0073909234988226435,9,43.65220053817882,7,0,0
613,41,Male,Houston,101870,Ph.D.,18,Social Media,0.02816499118730098,1,42.65305146337041,5,0,0
614,62,Male,Houston,115631,Ph.D.,15,Email,0.2789784970377197,7,40.30871907103985,5,0,1
615,54,Other,Houston,74141,Ph.D.,11,Phone Call,0.3459086678631459,6,41.410766473059056,2,1,1
616,38,Other,Chicago,100478,Bachelor,2,Email,0.6480886047668832,6,41.86773401393489,9,1,1
617,20,Female,Houston,118117,Bachelor,3,Email,0.8876951460796288,7,34.88936968593641,4,1,1
618,56,Male,Houston,115191,Ph.D.,18,Phone Call,0.1062443748031261,7,2.8136142055052327,6,1,1
619,50,Male,Chicago,73372,Master,16,Email,0.9915504968288469,0,46.38394909409459,2,0,0
620,55,Other,New York,30468,High School,3,Phone Call,0.5570571849963898,10,40.22803061775146,9,0,0
621,31,Other,New York,69837,Ph.D.,12,Social Media,0.3917395903927853,4,56.317195930217075,8,0,0
622,19,Other,Los Angeles,88951,High School,13,Social Media,0.7462488551259773,10,37.73529704444309,1,1,0
623,47,Male,Los Angeles,107275,Bachelor,4,Phone Call,0.11371682896084312,0,34.837812329424956,9,1,1
624,27,Other,New York,99747,Bachelor,2,Email,0.40666140872335566,8,18.832002852888834,7,1,0
625,60,Male,Los Angeles,103582,Master,2,Phone Call,0.5873589451678176,4,40.10245981952451,3,1,1
626,61,Male,New York,56409,Ph.D.,9,Phone Call,0.2122579692358063,8,13.321132396774136,1,1,1
627,41,Female,Chicago,36186,High School,15,Social Media,0.2501012259741553,8,55.3317148579606,4,0,0
628,52,Male,Los Angeles,111506,Ph.D.,20,Social Media,0.1657088808214796,8,18.155734973132734,4,1,1
629,60,Male,Los Angeles,89680,High School,18,Social Media,0.7206881497244698,3,56.21319283765784,5,1,1
630,32,Other,Los Angeles,79448,High School,11,Phone Call,0.16362006921954952,7,20.337671756334355,5,1,1
631,46,Male,Houston,114579,Ph.D.,11,Phone Call,0.21819959147424173,5,32.81815966959335,1,0,1
632,31,Female,New York,57109,Ph.D.,16,Social Media,0.0953008850646736,1,48.318827085921455,8,0,0
633,39,Other,Houston,45402,Ph.D.,1,Social Media,0.6264862377361489,1,39.36299623131005,9,1,0
634,62,Male,Houston,85106,Ph.D.,12,Phone Call,0.8843215252487102,1,17.140285227591455,9,1,1
635,36,Female,New York,30754,Bachelor,9,Email,0.7608021234485499,3,51.96666508586083,8,1,0
636,56,Other,Los Angeles,55977,Bachelor,4,Phone Call,0.6756825788345632,2,0.5265626909154175,3,0,1
637,60,Male,Houston,39608,Ph.D.,15,Email,0.520290954841915,9,28.625313298934373,3,0,1
638,57,Other,Houston,74361,Bachelor,9,Phone Call,0.5656456323036367,0,7.675638431456509,1,1,0
639,54,Female,Chicago,112966,Master,18,Phone Call,0.19888178461398787,9,18.179273253972333,7,0,0
640,44,Male,Chicago,73452,Bachelor,3,Email,0.05947695860385571,8,30.64528616619798,1,1,0
641,22,Female,Chicago,37006,Ph.D.,17,Phone Call,0.7882666289402834,9,13.365672706900005,8,0,1
642,46,Female,Los Angeles,83909,Bachelor,15,Phone Call,0.319390341139803,3,28.05070838826187,3,0,1
643,37,Male,Los Angeles,67712,Ph.D.,20,Email,0.8617562402545668,6,56.65421339625062,6,1,1
644,18,Female,Chicago,101887,Ph.D.,18,Social Media,0.24840357008216263,9,17.75431211980751,10,1,0
645,49,Male,Los Angeles,105988,High School,10,Phone Call,0.03325938991555122,6,44.275168910650876,2,0,0
646,62,Male,Chicago,72161,High School,14,Phone Call,0.24049887730428388,6,37.44607530482909,6,0,1
647,53,Other,New York,30692,Bachelor,20,Social Media,0.5477047596902911,3,43.30231576156708,5,1,1
648,65,Other,New York,64587,Master,11,Phone Call,0.7493944037123823,8,30.667719705194507,10,0,1
649,44,Male,Chicago,35432,Master,15,Social Media,0.5617767079840889,5,44.25480323410168,3,1,0
650,46,Male,Los Angeles,90368,Ph.D.,8,Social Media,0.4956603465902989,9,50.46142772961176,7,0,0
651,61,Male,Los Angeles,57159,High School,17,Social Media,0.514494956805185,8,47.700985460033685,6,1,1
652,59,Female,New York,92427,High School,13,Social Media,0.47232016236690755,4,4.310281646437164,5,1,0
653,47,Male,Chicago,60733,Master,15,Email,0.7192175321466042,2,29.361842880911745,9,0,1
654,33,Male,New York,75307,Ph.D.,2,Social Media,0.3363969027211361,6,28.284425468189816,7,0,1
655,19,Female,New York,101223,Master,16,Phone Call,0.7245073964311975,3,9.170119130863357,6,0,1
656,25,Other,Los Angeles,86804,Bachelor,1,Phone Call,0.8506099585126577,10,44.57834141959862,10,1,0
657,30,Male,New York,83876,Bachelor,9,Email,0.7947752679039746,0,14.551212789181818,2,1,1
658,21,Female,Los Angeles,80092,High School,4,Email,0.9090260153157724,10,51.01652513515735,1,0,0
659,23,Other,Chicago,116605,Master,7,Phone Call,0.6555182828665047,5,18.034515492518718,2,1,1
660,21,Female,Chicago,88684,Ph.D.,16,Phone Call,0.06526976730642453,2,36.65191848017509,5,0,1
661,62,Female,Chicago,103025,High School,4,Social Media,0.9242690844770101,6,31.14366145362486,4,0,1
662,50,Female,Houston,63231,Bachelor,3,Email,0.3767007437936968,9,4.914520922886691,2,0,0
663,35,Male,New York,40809,Ph.D.,17,Phone Call,0.9275761925478836,7,34.68164930993166,9,1,0
664,54,Male,New York,60950,High School,19,Social Media,0.8616185693778737,0,29.383055297394918,7,1,1
665,38,Female,Chicago,43688,High School,3,Social Media,0.25309855574531914,4,7.053776900931843,7,0,1
666,29,Female,Chicago,71165,Master,1,Social Media,0.31385320912319115,10,1.3643004467165487,10,1,0
667,57,Female,Chicago,108670,Bachelor,3,Email,0.6269578348038113,1,47.904665817704405,8,1,1
668,56,Other,Chicago,71456,High School,14,Email,0.39722102221458944,4,38.0037466409948,5,1,0
669,42,Female,Chicago,39530,Bachelor,17,Social Media,0.36189256163803485,1,12.827356644198586,2,1,0
670,37,Other,Los Angeles,62118,High School,13,Phone Call,0.21324262057421517,5,25.003216733524418,9,0,1
671,24,Female,Los Angeles,94420,High School,18,Email,0.6927887070734549,10,44.655725368029735,8,0,0
672,39,Female,Houston,106031,Bachelor,12,Email,0.17938812093481837,4,25.713959356543764,4,1,1
673,21,Male,Houston,33654,High School,16,Phone Call,0.7544138610838539,10,22.2449578656592,1,1,1
674,65,Female,Houston,75883,Ph.D.,10,Social Media,0.5561177715194322,0,45.21032273824155,7,0,1
675,43,Female,Houston,96249,Ph.D.,18,Email,0.1693342328309202,2,22.071781237333838,6,0,1
676,34,Male,Los Angeles,108191,Ph.D.,15,Social Media,0.7229876685221011,4,22.021418600080892,9,1,0
677,25,Female,Chicago,61615,Bachelor,16,Phone Call,0.15840498261729274,5,34.99897009792392,8,1,1
678,47,Female,New York,30588,High School,4,Phone Call,0.9734922710099627,10,57.073491368007275,10,0,1
679,54,Other,Los Angeles,34423,Master,11,Social Media,0.06278460737880753,3,57.923867680273936,9,0,0
680,26,Other,Los Angeles,114635,Ph.D.,15,Phone Call,0.5695198148045664,6,16.185208263569464,7,0,0
681,48,Other,New York,37883,High School,15,Phone Call,0.1369541224839267,9,20.941854809130803,1,0,1
682,46,Female,Los Angeles,98208,Ph.D.,3,Social Media,0.558712116381015,2,41.45913543189705,2,1,0
683,29,Other,Los Angeles,84230,Bachelor,10,Social Media,0.6187951071593256,10,5.488497075610348,4,0,0
684,23,Other,Chicago,50125,Ph.D.,16,Phone Call,0.4032141199051421,8,32.44155403123793,5,1,1
685,41,Male,Chicago,74600,Bachelor,2,Social Media,0.98416832153757,5,47.500141923630196,4,0,0
686,59,Other,Los Angeles,96100,Ph.D.,12,Email,0.8265283854624202,6,17.193148461069455,6,0,0
687,22,Other,Houston,95707,High School,11,Social Media,0.3391407088449443,7,45.942960802298714,2,1,1
688,20,Other,New York,72920,Bachelor,14,Email,0.964008444234204,8,29.76868590446767,5,0,0
689,53,Male,Houston,82223,Master,6,Phone Call,0.04294157327650194,4,17.717073267397502,10,0,1
690,52,Male,Houston,41797,Bachelor,7,Email,0.7036242874561559,9,5.3369715397248285,6,1,0
691,35,Male,New York,114328,Ph.D.,4,Social Media,0.7109711252592982,6,24.57818056495611,8,0,1
692,28,Female,Los Angeles,59185,Ph.D.,17,Phone Call,0.5980816871894714,2,32.752801997504456,5,1,0
693,48,Male,Los Angeles,83236,Master,17,Social Media,0.061186705912364636,4,0.7128159660824163,2,0,0
694,32,Other,Los Angeles,119642,Ph.D.,18,Phone Call,0.9822128933144012,2,21.93242778191812,7,0,0
695,48,Female,Chicago,62640,Bachelor,17,Phone Call,0.6768298589003181,7,30.717545403085456,7,1,0
696,45,Other,New York,87172,Master,1,Email,0.7636381722100879,2,42.95891561919965,1,1,0
697,28,Other,Chicago,82521,Master,16,Email,0.5921888753875137,6,57.774346175954406,7,0,0
698,29,Female,Chicago,59298,Master,5,Email,0.4350545271351318,0,15.433056672742637,5,1,1
699,20,Male,Chicago,81789,Master,13,Social Media,0.11164803645720256,4,43.630593819463144,1,1,0
700,54,Other,Los Angeles,63815,Ph.D.,14,Phone Call,0.9716268655545525,3,17.08235841381884,6,1,1
701,20,Female,New York,103394,Bachelor,19,Email,0.7653228825204995,7,41.189118337678714,4,0,0
702,22,Other,Chicago,44669,High School,20,Social Media,0.7237316538222068,6,33.717569765816584,4,1,1
703,41,Male,New York,46987,Ph.D.,17,Phone Call,0.44307994348571833,4,23.736610108662628,9,1,0
704,50,Male,New York,59404,Ph.D.,5,Social Media,0.10235412519862075,8,31.72401773265426,1,1,0
705,35,Female,New York,42473,Bachelor,10,Email,0.4469364350626237,5,41.76683873178036,8,0,0
706,37,Female,Los Angeles,61081,Bachelor,13,Email,0.13682219983078403,7,29.32917070370169,2,0,1
707,32,Other,Los Angeles,51006,Bachelor,11,Social Media,0.6144909332720812,8,8.62149470419607,2,0,0
708,39,Male,Los Angeles,82162,Ph.D.,8,Social Media,0.3080691620203637,2,46.17790904981389,8,0,0
709,58,Male,Chicago,117136,High School,11,Social Media,0.7107435732165338,3,2.3869796785427333,7,0,1
710,27,Female,Houston,106686,High School,19,Social Media,0.12187081205970784,1,4.380109019245381,2,1,1
711,37,Other,Los Angeles,70647,Bachelor,11,Email,0.7834091884916271,6,26.336864977487966,7,1,1
712,63,Female,Houston,95021,Ph.D.,15,Email,0.5912156743918633,2,11.523334097573423,3,0,0
713,62,Female,Los Angeles,104796,Bachelor,17,Social Media,0.9905427401188045,10,25.25093785606773,7,0,1
714,33,Other,Chicago,39333,Ph.D.,9,Phone Call,0.44361348258004596,10,44.142458480558716,6,0,1
715,39,Male,Los Angeles,85909,High School,10,Social Media,0.8044457323309498,0,28.313678289150253,3,1,0
716,35,Female,New York,100210,Master,20,Phone Call,0.7841694265061272,8,27.346725051971926,3,1,1
717,45,Female,Los Angeles,37723,Bachelor,20,Phone Call,0.5630531842266797,9,13.263714234003332,1,1,0
718,32,Other,Los Angeles,43331,Bachelor,19,Social Media,0.2066879672063171,1,46.17278082544977,9,0,0
719,19,Male,Los Angeles,66840,Ph.D.,1,Phone Call,0.43299835837494305,5,52.766772240677426,1,1,1
720,22,Other,Houston,53755,Master,2,Email,0.12091828152329609,6,41.326644160035,2,1,0
721,18,Other,New York,109776,High School,10,Phone Call,0.8175879692643527,5,50.214488513738615,1,0,1
722,64,Other,Chicago,68045,High School,7,Email,0.2470616428451946,7,5.2771237651747205,10,0,0
723,20,Male,Houston,49546,Ph.D.,5,Social Media,0.16045615202045738,0,56.355562539489725,8,1,1
724,52,Male,Chicago,64685,Ph.D.,14,Social Media,0.13518813523089024,0,6.843111920242899,1,1,1
725,36,Female,Chicago,90850,Bachelor,13,Phone Call,0.1564258517077468,9,56.186939208046596,6,0,0
726,45,Other,New York,30941,Bachelor,12,Phone Call,0.5019523337070867,5,49.74862740251914,4,1,1
727,59,Other,Chicago,63532,Ph.D.,1,Social Media,0.49764780531588404,4,48.894290817693964,1,0,0
728,22,Male,New York,53662,Ph.D.,10,Social Media,0.9539192068028776,6,2.3487068454458027,10,0,0
729,20,Female,Los Angeles,83606,Master,20,Social Media,0.5939120761011483,2,55.488183747154984,6,1,1
730,53,Female,Chicago,50217,Bachelor,3,Email,0.7962828640786136,5,51.58667493775768,2,1,1
731,24,Other,Chicago,89213,Master,7,Phone Call,0.6947220933980132,4,29.364965093606727,10,0,0
732,31,Female,Los Angeles,112040,Ph.D.,12,Social Media,0.5333771600819748,1,35.8134580203348,1,0,1
733,47,Male,New York,71005,Master,20,Social Media,0.4167894738944887,3,13.49218135171196,8,1,0
734,51,Other,Chicago,112319,High School,3,Phone Call,0.9157131069353923,0,48.302732514379905,4,1,1
735,45,Other,Chicago,116833,Master,20,Social Media,0.6795996408752171,0,37.560760832867444,7,1,0
736,23,Male,Houston,97323,Bachelor,14,Social Media,0.649663615295042,10,44.49690718205956,3,1,0
737,59,Male,Los Angeles,56249,Ph.D.,17,Email,0.8874896077811416,5,40.87978901232083,5,1,1
738,64,Female,Chicago,46938,High School,14,Social Media,0.8575984703229463,8,31.30541047521151,5,1,1
739,60,Female,Chicago,33092,Ph.D.,20,Phone Call,0.8877451725338981,5,21.007758065286716,8,1,1
740,54,Male,Los Angeles,55048,High School,6,Email,0.019010048612080777,9,42.87609139222013,7,0,1
741,38,Male,Los Angeles,62662,High School,13,Email,0.7101253397704864,0,58.09878348188502,7,0,1
742,22,Female,New York,84291,Ph.D.,3,Email,0.3253582388141406,5,0.7620243595702303,1,0,1
743,36,Other,Chicago,79208,Bachelor,10,Social Media,0.6576988154133547,6,14.381989258067877,5,0,0
744,47,Other,Los Angeles,38333,Ph.D.,13,Email,0.7089872972168937,2,12.843522632746431,4,0,0
745,38,Other,Chicago,47268,High School,9,Phone Call,0.4640305021717679,1,18.450141859365672,3,0,1
746,36,Male,Los Angeles,81276,High School,15,Social Media,0.2140899429174522,9,31.001989412630255,5,0,0
747,59,Female,New York,65858,Master,6,Email,0.26428173015248413,2,33.07900805683792,1,1,0
748,33,Female,Los Angeles,64532,High School,2,Email,0.4154986948239833,3,47.285522884912375,4,1,0
749,44,Female,Chicago,35608,High School,3,Social Media,0.2683180697822898,1,40.92584630680111,8,0,0
750,26,Female,Houston,70932,High School,3,Social Media,0.5906875652822877,0,39.06524120177035,4,0,0
751,56,Other,Los Angeles,95251,High School,17,Phone Call,0.12889668181143688,2,55.80247171635594,4,0,0
752,25,Female,Houston,51164,Bachelor,9,Email,0.9438127335531576,5,14.052330858138118,2,0,1
753,51,Male,New York,83311,Bachelor,19,Social Media,0.9859452434017809,3,15.6162968864868,1,1,1
754,59,Male,Houston,40433,High School,1,Email,0.8491484296961244,10,20.904783041966542,7,0,0
755,47,Female,Chicago,103871,Master,8,Phone Call,0.5455218992379337,10,29.942149011567505,10,1,0
756,52,Other,New York,31172,Master,2,Phone Call,0.5299976640409134,10,15.108030215550723,9,1,0
757,29,Female,Los Angeles,57515,Ph.D.,3,Email,0.6361861310062598,6,20.873692693803537,10,0,0
758,48,Male,New York,55522,Bachelor,10,Phone Call,0.4189364968657189,2,23.916777232164254,9,0,0
759,44,Male,Chicago,32808,High School,10,Social Media,0.8941274227871968,3,3.5646093416795743,4,0,1
760,65,Male,Chicago,116980,Ph.D.,15,Phone Call,0.9476411452661911,4,40.67526394485419,7,1,0
761,37,Female,Chicago,108970,High School,4,Social Media,0.0684774882404553,4,22.612015311804033,10,1,0
762,32,Female,Los Angeles,105807,Ph.D.,4,Email,0.8964341233397464,9,44.22890570735508,2,1,0
763,64,Male,New York,92703,Master,11,Social Media,0.9674805871555673,0,45.14815295025593,3,1,0
764,29,Other,New York,40953,Ph.D.,13,Social Media,0.9952284013509547,7,14.415739644458391,1,0,0
765,35,Male,New York,92329,Ph.D.,2,Social Media,0.12938085230440788,10,6.734712409882658,1,1,1
766,36,Female,Los Angeles,70358,Bachelor,17,Phone Call,0.6223391206944957,1,44.80717358596512,10,0,1
767,26,Female,Chicago,51853,Master,16,Phone Call,0.278928310410279,3,50.364992814830515,4,0,1
768,38,Other,Los Angeles,118487,Master,2,Email,0.7474915041392548,2,28.57672076079132,3,0,1
769,42,Female,Los Angeles,117864,Bachelor,16,Phone Call,0.7991244998542051,2,57.372207286823716,5,1,0
770,33,Female,Houston,82524,Bachelor,14,Email,0.26283963081449835,2,56.93483608257311,10,1,1
771,49,Female,Los Angeles,65679,Master,6,Email,0.5987017094459542,1,15.070127137580709,6,0,0
772,47,Female,Houston,107526,High School,15,Social Media,0.3760494153645316,8,50.77511760377867,10,0,0
773,37,Male,Chicago,111092,Master,20,Phone Call,0.5749474925748816,6,12.540726712481282,6,0,0
774,57,Male,Los Angeles,42183,Bachelor,13,Social Media,0.4566690205319073,5,9.574259585265295,1,0,0
775,32,Female,Los Angeles,103732,Ph.D.,20,Social Media,0.5398217623833729,5,7.733127575315892,4,1,1
776,31,Male,Chicago,98489,Bachelor,19,Social Media,0.9736394170510073,2,4.3653284761310545,6,0,1
777,26,Other,Los Angeles,116842,Bachelor,16,Social Media,0.2850936081180836,7,47.478392762716574,10,0,1
778,52,Other,New York,60396,Ph.D.,11,Email,0.9393470936387417,10,52.37483033459277,9,0,0
779,24,Other,Houston,72025,High School,14,Social Media,0.03264558772547521,6,24.06559225375873,3,1,0
780,20,Male,Los Angeles,114279,Master,15,Email,0.31425590751823596,0,51.58816869447887,5,0,0
781,42,Female,New York,95452,Ph.D.,4,Email,0.932949068546257,1,35.97757870779829,1,1,1
782,60,Female,Chicago,79008,Bachelor,10,Phone Call,0.27290906387411173,6,7.525552579990649,1,0,1
783,41,Female,Chicago,110682,High School,6,Email,0.08103525358596408,5,33.01241203666474,5,0,0
784,36,Other,Chicago,82164,Bachelor,6,Phone Call,0.6467441936387389,10,29.222532966317925,5,0,1
785,53,Male,New York,95347,Master,17,Phone Call,0.05990208059375657,4,50.142998573281844,6,0,1
786,65,Male,Chicago,31364,Bachelor,14,Email,0.3521042697044944,6,4.367666397428804,3,1,0
787,56,Female,Houston,110200,High School,3,Email,0.2985950607417176,9,12.559776264367375,1,0,1
788,27,Male,Houston,106828,Ph.D.,15,Phone Call,0.5522505488455783,8,1.5828552286396391,6,0,0
789,47,Female,Houston,77499,Bachelor,19,Social Media,0.8075729699013928,1,25.852802152117306,5,1,0
790,56,Female,Chicago,108848,High School,19,Phone Call,0.6953640115322296,10,57.50578122445847,5,1,0
791,40,Female,Chicago,64261,Master,9,Social Media,0.8677633298890195,10,26.592698044496636,9,1,0
792,39,Male,Chicago,102821,Master,16,Phone Call,0.9177599843488295,3,30.221050542945843,7,0,1
793,62,Male,New York,105402,Bachelor,14,Email,0.6979244499282915,3,46.374916694944034,3,0,0
794,63,Male,Los Angeles,88396,High School,13,Social Media,0.19653776412052437,8,28.706703081568854,5,0,0
795,51,Male,Chicago,112409,High School,3,Phone Call,0.3684349016357501,3,48.83518260121158,5,0,0
796,52,Male,Chicago,86442,High School,11,Social Media,0.23868632561214242,7,5.505908923304315,8,0,0
797,33,Female,Chicago,55313,Bachelor,20,Phone Call,0.26209494865596705,2,42.96229138540961,5,1,0
798,25,Other,Los Angeles,49945,Master,1,Email,0.172505195374008,8,1.0636441110941908,6,0,1
799,48,Female,Houston,119413,High School,20,Email,0.6630248581583974,7,28.233759136237374,8,0,0
800,31,Other,Los Angeles,68301,Ph.D.,16,Email,0.5935240180420667,8,51.31733100362121,3,0,1
801,62,Other,New York,93022,Ph.D.,20,Phone Call,0.5771712503542042,10,49.66443660874475,7,1,0
802,23,Male,Los Angeles,103337,High School,1,Email,0.014452476257512004,6,50.00821197197135,5,0,0
803,53,Other,Houston,102611,High School,15,Email,0.7901154213792225,0,47.08580514076438,3,1,1
804,47,Other,New York,73737,Bachelor,10,Social Media,0.602288040079473,2,45.7820172176571,5,1,1
805,50,Female,Los Angeles,40808,Master,2,Email,0.7105372371080614,2,44.37456052247323,8,0,0
806,22,Female,Houston,91847,Bachelor,17,Social Media,0.8889531401095622,1,44.613956392000595,6,0,0
807,47,Male,Chicago,98787,Master,18,Email,0.05829321358234041,0,59.18986884223726,5,1,0
808,23,Female,New York,72221,Master,2,Email,0.13003665804237619,2,34.807058340198324,8,0,0
809,29,Male,Los Angeles,33736,Master,6,Email,0.7268995622050185,8,46.94806212873541,1,1,1
810,51,Female,Chicago,97256,High School,7,Email,0.18685517620461867,1,36.56996899749733,5,0,0
811,44,Male,Chicago,97464,High School,4,Phone Call,0.4083917572911454,3,59.11683487307602,9,0,0
812,61,Female,Los Angeles,59103,Master,5,Phone Call,0.5575876297696158,10,11.970529994397383,1,0,1
813,33,Male,New York,38728,High School,2,Email,0.949841381367227,1,59.63096553918858,8,1,0
814,63,Male,New York,78108,Ph.D.,2,Phone Call,0.8551377779256302,8,12.655808746740483,6,1,0
815,36,Female,Los Angeles,65768,High School,19,Social Media,0.4718337469655325,6,33.61676091613192,9,1,0
816,25,Female,New York,98354,Master,7,Social Media,0.6210238973731572,8,10.898827026234986,4,0,0
817,55,Female,Chicago,61757,Master,13,Email,0.5783454230517906,9,1.7392123225403844,8,0,1
818,57,Female,Chicago,67417,High School,8,Phone Call,0.5087370748644027,8,58.01322903128995,10,1,0
819,21,Female,New York,48015,Bachelor,17,Phone Call,0.5767823446347203,3,6.302646767611419,4,0,0
820,55,Other,New York,98413,Bachelor,6,Email,0.3773028068063161,2,3.1043080089720987,6,1,0
821,60,Male,Los Angeles,105941,Ph.D.,16,Social Media,0.5967425856641771,5,16.69544920074116,9,0,0
822,57,Other,Houston,108715,Ph.D.,6,Social Media,0.804854601061216,5,35.0617648333464,5,1,0
823,53,Male,New York,43948,Bachelor,16,Email,0.822311504802156,5,55.412374653864624,5,1,0
824,34,Other,New York,47785,Master,11,Phone Call,0.7630176292343399,6,28.666659563948677,9,1,0
825,33,Female,Houston,107028,Ph.D.,3,Phone Call,0.9829753056289282,1,4.991431055528022,2,1,1
826,30,Male,Houston,52662,Ph.D.,6,Email,0.6625063905216951,7,7.339343662342008,1,1,1
827,59,Male,Los Angeles,80630,Ph.D.,12,Phone Call,0.16556834522814778,0,30.37116604564847,7,1,1
828,60,Other,Houston,64089,High School,5,Email,0.7164618268603956,0,34.62520048944324,5,0,0
829,29,Female,Los Angeles,119343,Master,4,Phone Call,0.43651427964271516,4,38.88100817701034,3,0,1
830,55,Other,New York,99715,Ph.D.,5,Email,0.49286011350520287,6,26.116592118733234,1,0,1
831,29,Female,Los Angeles,80881,High School,8,Email,0.6956075144508276,1,57.74465247226391,10,0,0
832,36,Male,Chicago,39247,Master,9,Social Media,0.42604853247688423,2,43.19273597829158,3,0,1
833,39,Other,New York,66372,Bachelor,2,Phone Call,0.3744071065373269,10,3.7138934415816216,4,1,1
834,19,Male,New York,69735,High School,3,Phone Call,0.9141916073674383,0,40.248102447745985,9,0,0
835,41,Male,Chicago,81344,Master,20,Social Media,0.07309577510839316,3,35.419370018580885,7,0,0
836,22,Male,Los Angeles,56531,High School,9,Email,0.038225424776259564,3,21.70617658717528,1,0,1
837,63,Male,Los Angeles,100523,High School,5,Email,0.12139287864122683,7,30.066435786878355,4,1,1
838,33,Female,Chicago,54452,Bachelor,1,Social Media,0.45052498642909167,4,23.8230497373404,1,0,1
839,28,Female,New York,36283,Master,8,Email,0.28057211339423116,10,43.899682858207214,9,1,0
840,33,Female,Chicago,117723,Master,3,Phone Call,0.6135725113832671,9,2.3421622571948086,4,1,0
841,29,Female,Chicago,86288,Master,19,Email,0.44246740399258455,2,6.78045563981601,5,1,1
842,20,Male,Chicago,106993,Master,10,Phone Call,0.8208001631374208,10,21.087302748405726,7,0,0
843,34,Other,Houston,102785,Ph.D.,19,Email,0.0992391014749141,3,36.57434682693317,10,0,0
844,34,Male,New York,48467,High School,14,Email,0.3204490737037665,6,49.094318351403686,3,0,0
845,46,Female,Houston,39619,Master,16,Phone Call,0.3900159220127676,1,57.955948551186594,8,0,0
846,36,Other,Houston,88768,Bachelor,6,Social Media,0.4975315674413898,4,37.513318487328874,4,0,1
847,30,Female,Los Angeles,99962,Bachelor,4,Email,0.15390215600235535,5,52.24906791465877,2,1,0
848,63,Other,Chicago,38665,Ph.D.,1,Phone Call,0.41570867009631773,7,24.815961728617708,3,1,0
849,31,Male,Los Angeles,69261,Master,10,Phone Call,0.5968989031194848,4,54.77938503137266,1,0,1
850,47,Female,Houston,118235,Ph.D.,3,Email,0.8724477433565813,1,31.224672316166856,7,0,1
851,34,Female,Los Angeles,50303,High School,16,Phone Call,0.21469809458127076,8,5.587572631878519,9,0,1
852,30,Female,New York,70366,Bachelor,8,Social Media,0.17353223981499277,2,32.31806256056986,5,1,0
853,48,Male,Los Angeles,107211,Ph.D.,2,Phone Call,0.8868486914540453,8,5.438065045658826,7,0,1
854,27,Male,Chicago,47489,Master,2,Email,0.9583246952690061,9,43.32539887735779,1,1,1
855,60,Female,New York,104746,Ph.D.,14,Phone Call,0.9523483987657743,3,33.63717805656534,2,0,1
856,44,Female,Los Angeles,86037,Bachelor,13,Social Media,0.23008049498027394,1,31.37130555326861,1,1,1
857,58,Female,Los Angeles,93203,High School,7,Phone Call,0.036330472742441056,5,16.753828807333157,4,0,0
858,52,Other,Houston,74222,High School,9,Email,0.6265385768400868,3,2.911865690870221,4,0,0
859,42,Female,Houston,45860,Ph.D.,16,Social Media,0.2244816962151268,6,35.2770881214481,2,0,1
860,35,Other,Chicago,49562,High School,19,Email,0.34822447795673483,8,10.311469118276541,3,1,1
861,44,Female,New York,71971,Master,17,Social Media,0.13878499631652363,6,8.16582402524807,1,0,1
862,59,Male,Chicago,57385,Master,3,Social Media,0.5994933548769604,0,10.643790965979708,1,1,1
863,62,Female,New York,69325,High School,9,Social Media,0.30584423762877355,10,13.334995183967218,8,1,1
864,62,Male,Chicago,39372,Master,15,Email,0.9404170763113578,6,25.83207547001495,3,0,0
865,61,Other,Houston,50008,Bachelor,9,Social Media,0.7281854634112936,6,24.426850487796017,6,0,0
866,46,Other,Chicago,36245,High School,11,Phone Call,0.2761974904830399,6,39.3828538373941,1,0,0
867,63,Female,Los Angeles,60818,Ph.D.,3,Email,0.07810958739495322,6,8.370222721124268,4,1,0
868,22,Male,Los Angeles,31517,Ph.D.,5,Phone Call,0.3024249468078365,2,59.86130321020222,1,1,1
869,60,Male,Houston,62973,Bachelor,16,Phone Call,0.3447259830146945,8,39.039352312980135,8,0,0
870,32,Other,Chicago,64746,Bachelor,5,Phone Call,0.602371230997375,2,44.26255968533562,5,0,0
871,36,Female,Chicago,49149,Ph.D.,3,Social Media,0.1659092110378515,5,18.952142406112113,8,1,0
872,55,Female,Chicago,69234,Ph.D.,12,Phone Call,0.6742382967834386,9,21.34765398150629,1,0,0
873,23,Female,Chicago,69831,Master,18,Email,0.28672926782574903,2,17.014748017237334,9,0,1
874,44,Other,New York,90155,Bachelor,2,Phone Call,0.36972237770187855,8,14.13319282817459,10,0,1
875,21,Female,Houston,56933,Master,13,Email,0.10325870178884611,2,37.99403787449575,5,0,1
876,64,Male,Houston,83611,Bachelor,3,Phone Call,0.8708042769906164,0,9.26178823893828,2,1,1
877,41,Male,Chicago,118288,Master,6,Email,0.13403052273482308,0,18.315065667174952,8,1,1
878,31,Other,Houston,46590,High School,19,Email,0.7903331030576721,5,3.794702658873055,10,0,0
879,33,Other,New York,59956,High School,13,Phone Call,0.9920627634545507,5,0.1588703345413589,2,1,0
880,53,Male,Los Angeles,84956,Ph.D.,15,Phone Call,0.8574500227374442,3,15.070629475914965,8,0,1
881,19,Other,Houston,70506,Bachelor,1,Phone Call,0.8217220460480884,9,35.321914506842305,3,1,1
882,36,Other,New York,81794,Ph.D.,9,Email,0.26025571487265,6,54.336007736183355,3,1,0
883,57,Male,Chicago,103867,Bachelor,11,Email,0.8621108578671819,8,55.385650131664725,6,1,1
884,61,Female,New York,90575,Ph.D.,11,Email,0.20205610807840668,10,18.668552562044656,6,0,1
885,44,Male,New York,40671,Ph.D.,14,Email,0.5628840079212714,1,11.579791304673337,10,0,0
886,39,Male,Houston,88507,Ph.D.,15,Social Media,0.5344029384207226,10,25.59810170889868,2,0,0
887,62,Female,Los Angeles,60746,Master,9,Phone Call,0.2747533796370707,9,34.81879967742956,7,0,0
888,42,Female,New York,93017,Ph.D.,1,Phone Call,0.49105301082045216,7,30.556645386903124,2,0,0
889,26,Female,New York,97849,High School,20,Email,0.6292880741949705,4,52.11895771379783,7,0,0
890,22,Female,Los Angeles,37782,Ph.D.,12,Social Media,0.9413170094886317,9,21.410714144753978,4,0,1
891,51,Other,Houston,31214,Master,18,Social Media,0.8131657386708004,1,5.376711798210101,5,0,0
892,38,Other,New York,42610,Master,5,Email,0.14365703754689485,5,22.50234225606926,9,0,0
893,31,Female,Chicago,96908,Master,8,Email,0.06281088400351997,2,45.27205379150039,9,0,0
894,28,Female,Los Angeles,98045,Ph.D.,8,Phone Call,0.7843022441697953,4,17.719382776088924,1,1,0
895,25,Female,Los Angeles,31803,High School,20,Phone Call,0.662976666520093,5,47.51868881101184,6,0,1
896,21,Other,Los Angeles,83301,Ph.D.,14,Phone Call,0.34721018820425276,1,14.791545023777973,8,1,0
897,53,Female,Houston,51051,High School,6,Social Media,0.430685677982805,7,27.751114152348688,9,1,0
898,45,Male,Houston,33091,Ph.D.,20,Phone Call,0.6422358570801996,0,42.90561468463472,5,1,1
899,49,Female,Chicago,38623,Bachelor,6,Social Media,0.7293150057153263,6,58.77572833763966,3,0,1
900,25,Male,Chicago,36697,Ph.D.,3,Social Media,0.9296512129016968,2,53.95588061305396,4,0,0
901,62,Male,Los Angeles,32347,High School,14,Social Media,0.5942542792401093,3,8.697939010411869,5,1,1
902,62,Other,Los Angeles,44853,Ph.D.,17,Email,0.3345446640183999,5,14.251294662791823,2,1,1
903,49,Other,New York,79823,High School,14,Email,0.3362222618344025,3,34.26527739110153,2,0,0
904,59,Male,Chicago,98234,Ph.D.,19,Social Media,0.7555093983602271,2,38.62902911165912,9,1,0
905,57,Other,Houston,118656,Bachelor,6,Phone Call,0.7885367350025538,0,37.424538779621834,3,0,0
906,60,Male,Los Angeles,45776,Ph.D.,5,Social Media,0.6089216090290525,9,57.995556313088244,8,0,0
907,30,Male,Los Angeles,75409,High School,3,Social Media,0.8776213537796239,6,1.7691653625674575,4,0,1
908,63,Other,Houston,57249,High School,6,Phone Call,0.5554271392088468,9,23.823508898844633,9,0,1
909,19,Female,Houston,91463,Master,1,Email,0.21648119090073414,0,32.285311067995714,9,1,1
910,21,Male,Chicago,88724,High School,5,Social Media,0.5331680254775687,0,15.160993143368593,3,1,1
911,23,Other,Houston,98477,High School,19,Phone Call,0.7569801389889916,3,52.93987055639507,6,0,0
912,35,Other,New York,68905,Bachelor,11,Email,0.5399002351220256,6,55.90401382173118,5,0,0
913,38,Other,Chicago,89397,High School,2,Social Media,0.8301457296455537,1,19.36084018315798,7,0,0
914,55,Other,Houston,69319,Master,11,Phone Call,0.7135573395569954,6,4.89890235651716,10,0,0
915,38,Female,Houston,101585,Ph.D.,8,Social Media,0.04898561976466698,4,19.320640031722565,10,0,1
916,25,Other,Houston,75932,High School,18,Email,0.3000057278179262,9,36.90501891586262,5,0,0
917,37,Male,Chicago,44459,Master,9,Email,0.48495274642550523,7,53.1357428362935,5,1,1
918,44,Female,New York,91151,Ph.D.,20,Email,0.421475698238409,0,4.986864530102637,7,1,1
919,57,Male,Houston,96271,High School,11,Phone Call,0.8086386344491157,4,13.477636725224293,7,0,0
920,47,Other,New York,53681,Master,15,Social Media,0.0010793871402658972,5,3.1834123324406405,8,0,0
921,45,Male,Los Angeles,38064,Bachelor,8,Email,0.2179265624721105,9,38.889061809459555,5,0,0
922,30,Other,Chicago,116397,Ph.D.,10,Phone Call,0.47337754961888756,8,43.985142393638796,2,1,0
923,58,Other,New York,74200,Ph.D.,11,Social Media,0.7369192300095566,7,43.435022885773215,8,1,1
924,36,Male,New York,70993,Bachelor,20,Email,0.010766174645462367,6,55.03038923330277,9,1,1
925,35,Other,New York,73531,Bachelor,11,Email,0.1038029838561021,8,46.800167119438015,3,0,1
926,60,Female,New York,89487,Ph.D.,14,Email,0.4093721494538456,6,1.802848415956797,4,0,0
927,35,Female,Los Angeles,40456,Bachelor,19,Email,0.038425150544949216,4,28.12341599014184,9,0,1
928,27,Other,Chicago,39739,High School,18,Email,0.5268057967633345,0,22.78989829944946,2,0,1
929,34,Other,Los Angeles,32095,High School,7,Social Media,0.03663748702401737,3,40.21984542190201,3,0,1
930,37,Other,Chicago,44178,Bachelor,12,Email,0.742542792762722,0,34.69133694258804,4,0,1
931,28,Male,Los Angeles,62003,Master,12,Email,0.30112402899130575,8,9.299295727460654,10,1,1
932,37,Male,Houston,101800,High School,16,Social Media,0.6441542219469681,3,57.713661315554624,3,0,1
933,43,Other,Houston,57766,High School,13,Social Media,0.9034996463373773,3,11.192681021017972,10,0,1
934,24,Other,Los Angeles,105023,Bachelor,10,Phone Call,0.2503058761021275,8,30.75674845166732,4,1,0
935,45,Female,Chicago,101734,Ph.D.,11,Social Media,0.1395816759300731,7,55.848148031375295,1,0,0
936,24,Other,Houston,48015,Master,19,Phone Call,0.1932070553068883,8,47.371482810273996,6,1,0
937,65,Other,Los Angeles,74616,Ph.D.,5,Phone Call,0.630014998919638,0,0.5261728943830257,3,0,0
938,41,Other,New York,39887,High School,5,Social Media,0.29649379589783764,6,35.41506034474216,10,0,0
939,46,Male,Chicago,64708,Bachelor,17,Email,0.24263418966010086,0,32.16742659327689,1,0,0
940,50,Female,New York,67452,Master,5,Social Media,0.041941741189267745,1,38.36347875190844,5,1,0
941,35,Other,Los Angeles,61214,High School,4,Email,0.31525613849569056,5,15.240503201419793,1,1,1
942,58,Female,Chicago,100611,Ph.D.,8,Social Media,0.7135653779607194,5,27.75695149363036,7,1,0
943,24,Female,Houston,31428,Bachelor,6,Email,0.10833829567177855,7,42.460406003832006,5,1,1
944,49,Other,Los Angeles,30837,Master,19,Email,0.809481892875975,2,19.948602278927485,10,1,0
945,24,Female,New York,69991,Master,8,Email,0.8079723423635758,9,30.77163292903579,6,0,1
946,54,Female,Chicago,50565,Ph.D.,13,Email,0.7708487000647241,1,16.54301920825697,8,0,0
947,34,Other,Los Angeles,118439,Bachelor,6,Social Media,0.2767377258906857,9,4.659262709635106,5,0,1
948,40,Male,Chicago,74901,Ph.D.,17,Email,0.2259191987811323,2,33.11992857518528,2,1,1
949,24,Female,New York,104556,Ph.D.,3,Email,0.987327864039434,10,20.507672399048026,4,0,0
950,61,Female,Chicago,43320,Bachelor,4,Email,0.13742458228872456,1,46.39566871591489,3,0,1
951,39,Female,Los Angeles,112668,Bachelor,4,Phone Call,0.6185858448149413,0,49.00349820742032,7,1,1
952,40,Other,Houston,107169,Master,18,Social Media,0.4969814834134032,6,45.73753341543619,10,0,0
953,28,Male,Houston,100806,Master,14,Social Media,0.029598751896603992,2,37.33295483540427,4,1,0
954,50,Other,Los Angeles,59422,Bachelor,12,Social Media,0.0009525444764910684,9,33.347721917038605,7,0,0
955,37,Female,Houston,43557,Master,13,Phone Call,0.7297448992087553,9,47.15030394707746,10,1,1
956,44,Female,New York,46455,Bachelor,11,Phone Call,0.6811279493617641,10,33.08215163138303,9,0,1
957,33,Other,New York,42313,High School,6,Social Media,0.07536169333279596,3,21.727800941042087,3,1,1
958,22,Female,New York,96459,Ph.D.,14,Social Media,0.6304951101517585,6,56.92838425136656,5,0,1
959,62,Female,Houston,91677,Bachelor,7,Phone Call,0.07571978920143452,5,15.598741796359473,1,1,1
960,61,Female,Los Angeles,38758,Ph.D.,19,Email,0.7837367702682396,8,15.419350078411899,1,1,1
961,43,Female,Houston,30182,Ph.D.,7,Social Media,0.6406343590842132,4,57.14668827030888,9,1,1
962,51,Other,Houston,53999,Master,10,Phone Call,0.9537520859014694,7,53.40980422890414,10,1,0
963,26,Male,Chicago,90617,Ph.D.,3,Social Media,0.4855364450501334,4,21.08611762994999,9,1,1
964,29,Male,Chicago,44812,Master,10,Phone Call,0.7951546633379765,9,11.656235086652886,1,1,0
965,46,Female,Chicago,78834,Ph.D.,11,Email,0.34968240816905727,0,45.435927216331876,4,0,0
966,52,Other,Chicago,76372,Bachelor,6,Email,0.9482495925382868,5,7.185473524798793,8,1,0
967,46,Other,Los Angeles,30473,Ph.D.,7,Email,0.9158214503052818,6,55.43253569307487,7,1,0
968,35,Female,New York,51291,High School,19,Phone Call,0.816545847601988,8,51.522457175147565,5,0,1
969,38,Male,Los Angeles,109484,High School,19,Email,0.03551974615858433,0,39.36000748784977,7,0,1
970,31,Other,New York,34812,Ph.D.,20,Phone Call,0.8530209364464321,1,25.803259122758693,5,1,0
971,23,Female,New York,63223,Master,13,Email,0.252739239054698,5,49.37173877286526,7,1,0
972,59,Other,New York,39784,Bachelor,18,Social Media,0.4833377377536122,6,4.111872700369896,6,1,1
973,27,Male,Los Angeles,52990,High School,13,Phone Call,0.15239723888705448,6,52.99799110260228,2,0,1
974,42,Other,Los Angeles,68978,High School,10,Email,0.43278363031460476,6,47.55897082490685,8,1,0
975,61,Female,Chicago,79556,Master,13,Email,0.9338096325744447,7,50.355627382553564,2,1,1
976,32,Female,Los Angeles,98237,Master,11,Email,0.19397867746683728,5,22.574055412607834,8,1,0
977,42,Other,New York,94860,Ph.D.,7,Email,0.421034027771369,2,35.68157734019737,8,0,0
978,31,Female,New York,80511,Ph.D.,2,Phone Call,0.3029726830633269,8,41.81626096203894,2,0,1
979,63,Male,Houston,69629,High School,2,Phone Call,0.7740119672312625,5,29.93057779734112,7,0,1
980,58,Other,Chicago,52012,Ph.D.,3,Social Media,0.7827969172471418,2,49.60138568713324,3,0,0
981,56,Female,Los Angeles,60943,Bachelor,9,Email,0.4952433693390754,6,52.576414947177625,3,0,1
982,52,Other,Chicago,36439,Master,12,Email,0.006829849205712946,3,32.71262028085182,2,0,1
983,29,Other,Los Angeles,111319,Bachelor,1,Social Media,0.17852634383144061,1,2.4295383846774254,8,1,1
984,61,Other,Houston,73716,Master,14,Social Media,0.8407553178751156,1,16.338082505860655,2,1,0
985,39,Female,New York,86447,Ph.D.,10,Social Media,0.22301142449796463,6,17.980040827061863,7,0,0
986,63,Female,Houston,34372,Master,9,Social Media,0.6074230814100405,10,22.913501603731458,4,1,1
987,56,Other,Chicago,57008,Bachelor,19,Social Media,0.6362357865885034,8,31.723242014133895,7,0,1
988,41,Male,Los Angeles,92183,Ph.D.,7,Social Media,0.40564943986183266,10,34.34856099088265,6,1,1
989,55,Other,New York,52972,Master,20,Email,0.13668592608283492,5,20.27539742792841,3,0,1
990,19,Male,New York,50827,Master,20,Phone Call,0.13226694629035884,1,23.579769062253508,6,0,1
991,54,Other,Chicago,93150,Bachelor,1,Email,0.07516322251077323,1,25.05312990257004,9,1,1
992,42,Other,Houston,68618,Master,16,Email,0.810138693411269,2,47.32758861122081,4,0,1
993,63,Other,Los Angeles,36026,Bachelor,11,Email,0.3464902528783378,4,35.221289348179106,3,0,0
994,40,Other,Chicago,50264,Bachelor,4,Phone Call,0.2699188756479445,6,11.973974235520636,6,1,0
995,64,Other,Chicago,74402,High School,4,Phone Call,0.6828196642702576,9,28.993830878110145,3,0,1
996,46,Other,Chicago,49079,Ph.D.,4,Social Media,0.9793483471180138,0,43.31631289567945,9,0,1
997,51,Other,Houston,89245,Ph.D.,12,Social Media,0.35488818541683986,7,29.60959077058594,7,0,1
998,49,Other,New York,107886,Bachelor,19,Social Media,0.2211601314492886,2,43.96302850048526,1,0,0
999,28,Other,New York,66989,Master,1,Email,0.8773946683704783,6,55.98057757841113,8,0,0
1000,34,Male,Houston,77573,High School,19,Email,0.30479479913694985,9,8.547158805537132,1,1,0
